# osu-lat-charm.py 1 4194304 1000 500 0 /home/zanef2/charm-mpi-compare +ppn 1 +pemap L0,64
Iteration Group,Message Size,Total Trials,Warmup Trials,Elapsed seconds
0,1,1000,50,2.9054e-06
10,1,1000,50,2.165e-06
20,1,1000,50,2.1059e-06
30,1,1000,50,2.0859000000000002e-06
40,1,1000,50,2.126e-06
50,1,1000,50,2.0559e-06
60,1,1000,50,1.8895e-06
70,1,1000,50,1.8014e-06
80,1,1000,50,1.8054000000000001e-06
90,1,1000,50,1.8335e-06
100,1,1000,50,1.8124e-06
110,1,1000,50,1.8264e-06
120,1,1000,50,1.8094e-06
130,1,1000,50,1.8094e-06
140,1,1000,50,1.8154e-06
150,1,1000,50,1.7924000000000002e-06
160,1,1000,50,1.8294e-06
170,1,1000,50,1.9908e-06
180,1,1000,50,1.7822999999999999e-06
190,1,1000,50,1.8274e-06
200,1,1000,50,1.7923e-06
210,1,1000,50,1.8024e-06
220,1,1000,50,1.7924000000000002e-06
230,1,1000,50,1.8104e-06
240,1,1000,50,1.8945999999999998e-06
250,1,1000,50,1.8625e-06
260,1,1000,50,1.8494e-06
270,1,1000,50,1.8565e-06
280,1,1000,50,1.8134e-06
290,1,1000,50,2.0498000000000003e-06
300,1,1000,50,2.0528e-06
310,1,1000,50,1.8354e-06
320,1,1000,50,1.8114000000000001e-06
330,1,1000,50,1.9607e-06
340,1,1000,50,1.8084000000000001e-06
350,1,1000,50,2.0339e-06
360,1,1000,50,1.8525e-06
370,1,1000,50,1.8214e-06
380,1,1000,50,1.8054000000000001e-06
390,1,1000,50,1.8174000000000002e-06
400,1,1000,50,1.8275e-06
410,1,1000,50,1.8595e-06
420,1,1000,50,1.8255e-06
430,1,1000,50,1.8195e-06
440,1,1000,50,1.8184e-06
450,1,1000,50,2.0178e-06
460,1,1000,50,1.8234000000000002e-06
470,1,1000,50,1.8334e-06
480,1,1000,50,1.8054000000000001e-06
490,1,1000,50,1.8064000000000002e-06
500,1,1000,50,1.7973e-06
510,1,1000,50,1.8114000000000001e-06
520,1,1000,50,1.8124e-06
530,1,1000,50,1.8245e-06
540,1,1000,50,1.8103e-06
550,1,1000,50,1.7953e-06
560,1,1000,50,1.7773e-06
570,1,1000,50,1.8074e-06
580,1,1000,50,1.9096e-06
590,1,1000,50,1.8384e-06
600,1,1000,50,1.7873e-06
610,1,1000,50,2.0369e-06
620,1,1000,50,2.0138e-06
630,1,1000,50,1.7983e-06
640,1,1000,50,1.8124e-06
650,1,1000,50,1.8254000000000001e-06
660,1,1000,50,1.8184e-06
670,1,1000,50,2.0278e-06
680,1,1000,50,1.8444e-06
690,1,1000,50,1.8063e-06
700,1,1000,50,1.7924000000000002e-06
710,1,1000,50,1.8064000000000002e-06
720,1,1000,50,1.8054000000000001e-06
730,1,1000,50,1.8524e-06
740,1,1000,50,1.9176e-06
750,1,1000,50,1.8105e-06
760,1,1000,50,1.8234000000000002e-06
770,1,1000,50,1.7974000000000001e-06
780,1,1000,50,1.7864000000000002e-06
790,1,1000,50,1.8094e-06
800,1,1000,50,1.8004000000000002e-06
810,1,1000,50,1.8054000000000001e-06
820,1,1000,50,1.8004000000000002e-06
830,1,1000,50,1.8194e-06
840,1,1000,50,1.8184e-06
850,1,1000,50,1.8274e-06
860,1,1000,50,1.8044e-06
870,1,1000,50,1.8255e-06
880,1,1000,50,1.9656e-06
890,1,1000,50,1.7894000000000002e-06
900,1,1000,50,1.8064000000000002e-06
910,1,1000,50,1.8054000000000001e-06
920,1,1000,50,1.8134e-06
930,1,1000,50,1.8144000000000002e-06
940,1,1000,50,2.0127000000000002e-06
950,1,1000,50,1.8004000000000002e-06
960,1,1000,50,1.8162999999999999e-06
970,1,1000,50,1.8204000000000002e-06
980,1,1000,50,1.8054000000000001e-06
990,1,1000,50,1.9977e-06
1000,1,1000,50,1.8264e-06
1010,1,1000,50,1.8795e-06
1020,1,1000,50,1.8073e-06
1030,1,1000,50,1.8004000000000002e-06
1040,1,1000,50,1.8185e-06
0,2,1000,50,1.8204000000000002e-06
10,2,1000,50,1.8244e-06
20,2,1000,50,1.8123e-06
30,2,1000,50,1.7953e-06
40,2,1000,50,1.8064000000000002e-06
50,2,1000,50,1.8445e-06
60,2,1000,50,1.8234000000000002e-06
70,2,1000,50,1.7974000000000001e-06
80,2,1000,50,1.8845e-06
90,2,1000,50,1.8074e-06
100,2,1000,50,1.7864000000000002e-06
110,2,1000,50,1.7753e-06
120,2,1000,50,1.8275e-06
130,2,1000,50,1.7773e-06
140,2,1000,50,1.8194e-06
150,2,1000,50,1.7984e-06
160,2,1000,50,1.8063e-06
170,2,1000,50,1.7754000000000002e-06
180,2,1000,50,1.8164e-06
190,2,1000,50,1.8215e-06
200,2,1000,50,1.8325e-06
210,2,1000,50,1.8124e-06
220,2,1000,50,1.7822999999999999e-06
230,2,1000,50,1.7793e-06
240,2,1000,50,1.7852999999999999e-06
250,2,1000,50,1.8174000000000002e-06
260,2,1000,50,2.0098e-06
270,2,1000,50,1.8294e-06
280,2,1000,50,1.8204000000000002e-06
290,2,1000,50,1.7984e-06
300,2,1000,50,1.8255e-06
310,2,1000,50,1.8064000000000002e-06
320,2,1000,50,1.8174000000000002e-06
330,2,1000,50,1.8644e-06
340,2,1000,50,1.8034000000000002e-06
350,2,1000,50,1.9917e-06
360,2,1000,50,1.8164e-06
370,2,1000,50,2.0067e-06
380,2,1000,50,1.8014e-06
390,2,1000,50,1.7954e-06
400,2,1000,50,1.7882999999999999e-06
410,2,1000,50,1.7954e-06
420,2,1000,50,2.0258e-06
430,2,1000,50,1.8204000000000002e-06
440,2,1000,50,1.8143e-06
450,2,1000,50,1.8194e-06
460,2,1000,50,1.8254000000000001e-06
470,2,1000,50,1.7913e-06
480,2,1000,50,1.7973e-06
490,2,1000,50,2.3263e-06
500,2,1000,50,1.7764e-06
510,2,1000,50,1.8415e-06
520,2,1000,50,1.7882999999999999e-06
530,2,1000,50,2.0278e-06
540,2,1000,50,1.7964e-06
550,2,1000,50,1.7712999999999999e-06
560,2,1000,50,1.8004000000000002e-06
570,2,1000,50,1.8064000000000002e-06
580,2,1000,50,1.9917e-06
590,2,1000,50,1.7974000000000001e-06
600,2,1000,50,1.8205e-06
610,2,1000,50,1.7803e-06
620,2,1000,50,1.8024e-06
630,2,1000,50,1.8134e-06
640,2,1000,50,1.7992999999999999e-06
650,2,1000,50,1.7863e-06
660,2,1000,50,1.7954e-06
670,2,1000,50,1.7903e-06
680,2,1000,50,1.7894000000000002e-06
690,2,1000,50,1.9888e-06
700,2,1000,50,1.8124e-06
710,2,1000,50,1.8254000000000001e-06
720,2,1000,50,1.7834000000000002e-06
730,2,1000,50,1.7813e-06
740,2,1000,50,1.9988e-06
750,2,1000,50,1.7974000000000001e-06
760,2,1000,50,1.8184e-06
770,2,1000,50,1.7553e-06
780,2,1000,50,1.8415e-06
790,2,1000,50,1.7763e-06
800,2,1000,50,1.7723e-06
810,2,1000,50,1.8094e-06
820,2,1000,50,1.8104e-06
830,2,1000,50,1.8185e-06
840,2,1000,50,1.7914000000000001e-06
850,2,1000,50,1.8003e-06
860,2,1000,50,1.8044e-06
870,2,1000,50,1.8154e-06
880,2,1000,50,1.7693e-06
890,2,1000,50,1.7944000000000001e-06
900,2,1000,50,1.8304e-06
910,2,1000,50,1.8034000000000002e-06
920,2,1000,50,1.7742999999999999e-06
930,2,1000,50,1.8022999999999999e-06
940,2,1000,50,1.8003e-06
950,2,1000,50,1.7754000000000002e-06
960,2,1000,50,1.7863e-06
970,2,1000,50,1.7733e-06
980,2,1000,50,1.8875e-06
990,2,1000,50,1.7873e-06
1000,2,1000,50,1.7944000000000001e-06
1010,2,1000,50,1.8094e-06
1020,2,1000,50,1.8034000000000002e-06
1030,2,1000,50,1.7844e-06
1040,2,1000,50,1.7992999999999999e-06
0,4,1000,50,1.8195e-06
10,4,1000,50,1.8054000000000001e-06
20,4,1000,50,1.7983e-06
30,4,1000,50,1.7934e-06
40,4,1000,50,1.8054000000000001e-06
50,4,1000,50,1.7854e-06
60,4,1000,50,1.7453e-06
70,4,1000,50,1.7864000000000002e-06
80,4,1000,50,2.3805e-06
90,4,1000,50,1.7983e-06
100,4,1000,50,1.7914000000000001e-06
110,4,1000,50,1.7904e-06
120,4,1000,50,1.7944000000000001e-06
130,4,1000,50,1.7824e-06
140,4,1000,50,1.8074e-06
150,4,1000,50,1.7733e-06
160,4,1000,50,1.7903e-06
170,4,1000,50,1.8574e-06
180,4,1000,50,1.7874e-06
190,4,1000,50,1.8374000000000002e-06
200,4,1000,50,1.7903e-06
210,4,1000,50,1.8335e-06
220,4,1000,50,1.7804000000000001e-06
230,4,1000,50,1.8094e-06
240,4,1000,50,1.8164e-06
250,4,1000,50,1.8284000000000001e-06
260,4,1000,50,1.7994e-06
270,4,1000,50,1.8033e-06
280,4,1000,50,1.8114000000000001e-06
290,4,1000,50,1.8125e-06
300,4,1000,50,1.8014e-06
310,4,1000,50,1.8083e-06
320,4,1000,50,1.7884e-06
330,4,1000,50,1.8175e-06
340,4,1000,50,1.8244e-06
350,4,1000,50,1.8024e-06
360,4,1000,50,1.8244e-06
370,4,1000,50,1.7984e-06
380,4,1000,50,1.7633e-06
390,4,1000,50,1.7714e-06
400,4,1000,50,1.7914000000000001e-06
410,4,1000,50,1.7893e-06
420,4,1000,50,1.8054000000000001e-06
430,4,1000,50,1.7954e-06
440,4,1000,50,1.8565e-06
450,4,1000,50,1.7763e-06
460,4,1000,50,1.7764e-06
470,4,1000,50,1.7864000000000002e-06
480,4,1000,50,1.7724000000000002e-06
490,4,1000,50,1.7974000000000001e-06
500,4,1000,50,1.7973e-06
510,4,1000,50,1.7943e-06
520,4,1000,50,1.7984e-06
530,4,1000,50,1.8024e-06
540,4,1000,50,1.9547e-06
550,4,1000,50,1.7882999999999999e-06
560,4,1000,50,1.8022999999999999e-06
570,4,1000,50,1.7663e-06
580,4,1000,50,1.7944000000000001e-06
590,4,1000,50,1.7954e-06
600,4,1000,50,1.8054000000000001e-06
610,4,1000,50,1.8335e-06
620,4,1000,50,1.8104e-06
630,4,1000,50,1.7924000000000002e-06
640,4,1000,50,1.8214e-06
650,4,1000,50,1.7753e-06
660,4,1000,50,1.8074e-06
670,4,1000,50,1.7673e-06
680,4,1000,50,1.8144000000000002e-06
690,4,1000,50,1.8124e-06
700,4,1000,50,1.7873e-06
710,4,1000,50,1.7884e-06
720,4,1000,50,1.7893e-06
730,4,1000,50,1.7682999999999999e-06
740,4,1000,50,1.7984e-06
750,4,1000,50,1.8194e-06
760,4,1000,50,1.8835999999999998e-06
770,4,1000,50,1.8085e-06
780,4,1000,50,1.8165e-06
790,4,1000,50,2.2763e-06
800,4,1000,50,1.7843e-06
810,4,1000,50,1.7712999999999999e-06
820,4,1000,50,1.7673e-06
830,4,1000,50,1.7894000000000002e-06
840,4,1000,50,1.7913e-06
850,4,1000,50,1.7933e-06
860,4,1000,50,1.7844e-06
870,4,1000,50,1.8124e-06
880,4,1000,50,1.8314000000000002e-06
890,4,1000,50,1.7974000000000001e-06
900,4,1000,50,2.2923e-06
910,4,1000,50,1.8144000000000002e-06
920,4,1000,50,1.7924000000000002e-06
930,4,1000,50,1.8424000000000001e-06
940,4,1000,50,1.7924000000000002e-06
950,4,1000,50,1.7923e-06
960,4,1000,50,1.7984e-06
970,4,1000,50,1.7994e-06
980,4,1000,50,1.7874e-06
990,4,1000,50,1.8034000000000002e-06
1000,4,1000,50,1.7814e-06
1010,4,1000,50,2.2532e-06
1020,4,1000,50,1.7583e-06
1030,4,1000,50,1.7794e-06
1040,4,1000,50,1.7822999999999999e-06
0,8,1000,50,1.8194e-06
10,8,1000,50,1.8826e-06
20,8,1000,50,1.8274e-06
30,8,1000,50,1.7834000000000002e-06
40,8,1000,50,1.7773e-06
50,8,1000,50,1.7744000000000001e-06
60,8,1000,50,1.7804000000000001e-06
70,8,1000,50,1.8374000000000002e-06
80,8,1000,50,1.8074e-06
90,8,1000,50,1.8144000000000002e-06
100,8,1000,50,1.7894000000000002e-06
110,8,1000,50,1.7974000000000001e-06
120,8,1000,50,1.8144000000000002e-06
130,8,1000,50,1.8003e-06
140,8,1000,50,1.7893e-06
150,8,1000,50,1.7953e-06
160,8,1000,50,1.7763e-06
170,8,1000,50,1.8084000000000001e-06
180,8,1000,50,1.8074e-06
190,8,1000,50,1.8225e-06
200,8,1000,50,1.7813e-06
210,8,1000,50,1.8054000000000001e-06
220,8,1000,50,1.7852999999999999e-06
230,8,1000,50,1.7904e-06
240,8,1000,50,1.7824e-06
250,8,1000,50,1.8775e-06
260,8,1000,50,1.7934e-06
270,8,1000,50,1.8124e-06
280,8,1000,50,1.8074e-06
290,8,1000,50,1.7974000000000001e-06
300,8,1000,50,1.8014e-06
310,8,1000,50,1.7964e-06
320,8,1000,50,1.8004000000000002e-06
330,8,1000,50,1.8084000000000001e-06
340,8,1000,50,1.8175e-06
350,8,1000,50,1.8054000000000001e-06
360,8,1000,50,1.8044e-06
370,8,1000,50,1.7854e-06
380,8,1000,50,1.8225e-06
390,8,1000,50,1.8334e-06
400,8,1000,50,1.8104e-06
410,8,1000,50,1.7924000000000002e-06
420,8,1000,50,1.8254000000000001e-06
430,8,1000,50,1.8174000000000002e-06
440,8,1000,50,1.8013e-06
450,8,1000,50,1.7934e-06
460,8,1000,50,1.8024e-06
470,8,1000,50,1.9397000000000002e-06
480,8,1000,50,1.7703e-06
490,8,1000,50,1.8094e-06
500,8,1000,50,2.3644e-06
510,8,1000,50,1.7974000000000001e-06
520,8,1000,50,1.7844e-06
530,8,1000,50,1.7864000000000002e-06
540,8,1000,50,1.7953e-06
550,8,1000,50,1.8074e-06
560,8,1000,50,1.8084000000000001e-06
570,8,1000,50,1.8205e-06
580,8,1000,50,1.8144000000000002e-06
590,8,1000,50,1.8094e-06
600,8,1000,50,1.8074e-06
610,8,1000,50,1.9196e-06
620,8,1000,50,1.7943e-06
630,8,1000,50,1.8224000000000001e-06
640,8,1000,50,1.8154e-06
650,8,1000,50,1.7824e-06
660,8,1000,50,1.8445e-06
670,8,1000,50,1.8154e-06
680,8,1000,50,1.7793e-06
690,8,1000,50,1.8995e-06
700,8,1000,50,1.8034000000000002e-06
710,8,1000,50,1.8134e-06
720,8,1000,50,1.7633e-06
730,8,1000,50,1.8265e-06
740,8,1000,50,1.7904e-06
750,8,1000,50,1.8254000000000001e-06
760,8,1000,50,1.8052999999999999e-06
770,8,1000,50,1.7924000000000002e-06
780,8,1000,50,1.7964e-06
790,8,1000,50,1.8024e-06
800,8,1000,50,1.7953e-06
810,8,1000,50,1.8135e-06
820,8,1000,50,1.7893e-06
830,8,1000,50,1.7904e-06
840,8,1000,50,1.7742999999999999e-06
850,8,1000,50,1.7864000000000002e-06
860,8,1000,50,1.8084000000000001e-06
870,8,1000,50,1.8164e-06
880,8,1000,50,1.8063e-06
890,8,1000,50,1.7994e-06
900,8,1000,50,1.7994e-06
910,8,1000,50,1.8104e-06
920,8,1000,50,1.8094e-06
930,8,1000,50,1.8054000000000001e-06
940,8,1000,50,1.7804000000000001e-06
950,8,1000,50,1.7834000000000002e-06
960,8,1000,50,1.7833e-06
970,8,1000,50,1.7824e-06
980,8,1000,50,1.8094e-06
990,8,1000,50,1.8014e-06
1000,8,1000,50,1.8043e-06
1010,8,1000,50,1.7994e-06
1020,8,1000,50,1.9717e-06
1030,8,1000,50,1.8505e-06
1040,8,1000,50,1.7852999999999999e-06
0,16,1000,50,1.7994e-06
10,16,1000,50,1.7884e-06
20,16,1000,50,1.7754000000000002e-06
30,16,1000,50,1.7962999999999999e-06
40,16,1000,50,1.7814e-06
50,16,1000,50,1.7783e-06
60,16,1000,50,1.8014e-06
70,16,1000,50,1.7973e-06
80,16,1000,50,1.7783e-06
90,16,1000,50,1.7903e-06
100,16,1000,50,2.3815e-06
110,16,1000,50,1.8084000000000001e-06
120,16,1000,50,1.8455e-06
130,16,1000,50,1.7822999999999999e-06
140,16,1000,50,1.7793e-06
150,16,1000,50,1.8254000000000001e-06
160,16,1000,50,1.7923e-06
170,16,1000,50,1.8224000000000001e-06
180,16,1000,50,1.7962999999999999e-06
190,16,1000,50,1.8034000000000002e-06
200,16,1000,50,1.7973e-06
210,16,1000,50,1.8505e-06
220,16,1000,50,1.8054000000000001e-06
230,16,1000,50,1.7873e-06
240,16,1000,50,1.7954e-06
250,16,1000,50,1.9116e-06
260,16,1000,50,1.7794e-06
270,16,1000,50,1.8084000000000001e-06
280,16,1000,50,1.7694000000000002e-06
290,16,1000,50,1.8084000000000001e-06
300,16,1000,50,1.8183e-06
310,16,1000,50,1.8014e-06
320,16,1000,50,1.8335e-06
330,16,1000,50,1.8094e-06
340,16,1000,50,1.7984e-06
350,16,1000,50,1.7914000000000001e-06
360,16,1000,50,1.8234000000000002e-06
370,16,1000,50,1.8084000000000001e-06
380,16,1000,50,1.7783e-06
390,16,1000,50,1.8114000000000001e-06
400,16,1000,50,1.8054000000000001e-06
410,16,1000,50,1.7973e-06
420,16,1000,50,1.7924000000000002e-06
430,16,1000,50,1.8054000000000001e-06
440,16,1000,50,1.8364000000000001e-06
450,16,1000,50,1.7983e-06
460,16,1000,50,1.8174000000000002e-06
470,16,1000,50,1.7712999999999999e-06
480,16,1000,50,1.7904e-06
490,16,1000,50,1.8344000000000002e-06
500,16,1000,50,1.7852999999999999e-06
510,16,1000,50,1.7974000000000001e-06
520,16,1000,50,1.7934e-06
530,16,1000,50,1.7803e-06
540,16,1000,50,1.8134e-06
550,16,1000,50,1.7924000000000002e-06
560,16,1000,50,1.7962999999999999e-06
570,16,1000,50,1.8224000000000001e-06
580,16,1000,50,1.7944000000000001e-06
590,16,1000,50,2.3735e-06
600,16,1000,50,1.8003e-06
610,16,1000,50,1.7813e-06
620,16,1000,50,1.8013e-06
630,16,1000,50,1.8144000000000002e-06
640,16,1000,50,1.8615e-06
650,16,1000,50,1.8104e-06
660,16,1000,50,1.8225e-06
670,16,1000,50,1.8063e-06
680,16,1000,50,1.8275e-06
690,16,1000,50,1.8114000000000001e-06
700,16,1000,50,1.8725e-06
710,16,1000,50,1.8054000000000001e-06
720,16,1000,50,1.8294e-06
730,16,1000,50,1.7882999999999999e-06
740,16,1000,50,1.8014e-06
750,16,1000,50,1.8013e-06
760,16,1000,50,1.8124e-06
770,16,1000,50,1.7754000000000002e-06
780,16,1000,50,1.7923e-06
790,16,1000,50,1.8034000000000002e-06
800,16,1000,50,1.8014e-06
810,16,1000,50,1.8304e-06
820,16,1000,50,1.8074e-06
830,16,1000,50,1.7882999999999999e-06
840,16,1000,50,1.8124e-06
850,16,1000,50,1.8204000000000002e-06
860,16,1000,50,2.1400200000000002e-05
870,16,1000,50,1.7954e-06
880,16,1000,50,1.9146e-06
890,16,1000,50,1.8185e-06
900,16,1000,50,1.8194e-06
910,16,1000,50,1.8134e-06
920,16,1000,50,1.8315e-06
930,16,1000,50,1.7994e-06
940,16,1000,50,1.7933e-06
950,16,1000,50,1.7923e-06
960,16,1000,50,1.7954e-06
970,16,1000,50,1.8024e-06
980,16,1000,50,1.8084000000000001e-06
990,16,1000,50,1.8134e-06
1000,16,1000,50,1.8004000000000002e-06
1010,16,1000,50,1.8114000000000001e-06
1020,16,1000,50,1.8154e-06
1030,16,1000,50,1.8414e-06
1040,16,1000,50,1.8044e-06
0,32,1000,50,1.8644e-06
10,32,1000,50,1.8063e-06
20,32,1000,50,1.8284000000000001e-06
30,32,1000,50,1.8204000000000002e-06
40,32,1000,50,2.0288e-06
50,32,1000,50,1.7994e-06
60,32,1000,50,1.8294e-06
70,32,1000,50,1.8013e-06
80,32,1000,50,1.8234000000000002e-06
90,32,1000,50,1.8123e-06
100,32,1000,50,1.9487e-06
110,32,1000,50,1.8294e-06
120,32,1000,50,1.9377e-06
130,32,1000,50,1.7944000000000001e-06
140,32,1000,50,1.8284000000000001e-06
150,32,1000,50,1.8375e-06
160,32,1000,50,1.7822999999999999e-06
170,32,1000,50,1.8204000000000002e-06
180,32,1000,50,1.8384e-06
190,32,1000,50,1.8044e-06
200,32,1000,50,1.8134e-06
210,32,1000,50,1.8244e-06
220,32,1000,50,1.8384e-06
230,32,1000,50,1.8294e-06
240,32,1000,50,1.8014e-06
250,32,1000,50,1.8214e-06
260,32,1000,50,1.8274e-06
270,32,1000,50,1.8585e-06
280,32,1000,50,1.7934e-06
290,32,1000,50,1.7954e-06
300,32,1000,50,1.8125e-06
310,32,1000,50,1.8465e-06
320,32,1000,50,1.8024e-06
330,32,1000,50,1.8334e-06
340,32,1000,50,1.8154e-06
350,32,1000,50,1.7943e-06
360,32,1000,50,1.8064000000000002e-06
370,32,1000,50,1.8124e-06
380,32,1000,50,1.8224000000000001e-06
390,32,1000,50,2.3163e-06
400,32,1000,50,1.8344000000000002e-06
410,32,1000,50,1.8044e-06
420,32,1000,50,1.8415e-06
430,32,1000,50,1.7994e-06
440,32,1000,50,1.8024e-06
450,32,1000,50,1.8094e-06
460,32,1000,50,1.8174000000000002e-06
470,32,1000,50,1.8505e-06
480,32,1000,50,1.7974000000000001e-06
490,32,1000,50,1.8034000000000002e-06
500,32,1000,50,1.8595e-06
510,32,1000,50,1.8074e-06
520,32,1000,50,1.8305e-06
530,32,1000,50,1.8174000000000002e-06
540,32,1000,50,1.8555e-06
550,32,1000,50,1.8344000000000002e-06
560,32,1000,50,1.8375e-06
570,32,1000,50,1.7974000000000001e-06
580,32,1000,50,1.7964e-06
590,32,1000,50,1.8395e-06
600,32,1000,50,1.8154e-06
610,32,1000,50,1.8244e-06
620,32,1000,50,1.8304e-06
630,32,1000,50,1.8335e-06
640,32,1000,50,1.8043e-06
650,32,1000,50,1.8305e-06
660,32,1000,50,2.3994000000000003e-06
670,32,1000,50,1.8174000000000002e-06
680,32,1000,50,1.8324e-06
690,32,1000,50,1.8214e-06
700,32,1000,50,1.8274e-06
710,32,1000,50,1.8275e-06
720,32,1000,50,1.8034000000000002e-06
730,32,1000,50,1.7974000000000001e-06
740,32,1000,50,1.8685e-06
750,32,1000,50,1.8084000000000001e-06
760,32,1000,50,1.8144000000000002e-06
770,32,1000,50,1.8595e-06
780,32,1000,50,1.8134e-06
790,32,1000,50,1.8324e-06
800,32,1000,50,1.8725e-06
810,32,1000,50,1.8345e-06
820,32,1000,50,1.8214e-06
830,32,1000,50,1.8345e-06
840,32,1000,50,1.8374000000000002e-06
850,32,1000,50,1.8224000000000001e-06
860,32,1000,50,1.8374000000000002e-06
870,32,1000,50,1.7793e-06
880,32,1000,50,1.8025e-06
890,32,1000,50,1.8254000000000001e-06
900,32,1000,50,1.8285e-06
910,32,1000,50,1.8225e-06
920,32,1000,50,1.8214e-06
930,32,1000,50,2.2933e-06
940,32,1000,50,1.8064000000000002e-06
950,32,1000,50,1.7984e-06
960,32,1000,50,1.8274e-06
970,32,1000,50,1.8314000000000002e-06
980,32,1000,50,1.8124e-06
990,32,1000,50,1.8324e-06
1000,32,1000,50,1.8104e-06
1010,32,1000,50,1.8164e-06
1020,32,1000,50,1.8084000000000001e-06
1030,32,1000,50,1.7773e-06
1040,32,1000,50,1.8284000000000001e-06
0,64,1000,50,1.8365e-06
10,64,1000,50,1.7954e-06
20,64,1000,50,1.8134e-06
30,64,1000,50,1.8444e-06
40,64,1000,50,1.8495e-06
50,64,1000,50,1.8345e-06
60,64,1000,50,1.7882999999999999e-06
70,64,1000,50,1.8154e-06
80,64,1000,50,1.8354e-06
90,64,1000,50,2.2473e-06
100,64,1000,50,1.8054000000000001e-06
110,64,1000,50,1.8274e-06
120,64,1000,50,1.8033e-06
130,64,1000,50,1.8264e-06
140,64,1000,50,1.7813e-06
150,64,1000,50,1.8334e-06
160,64,1000,50,1.8375e-06
170,64,1000,50,1.8324e-06
180,64,1000,50,1.8134e-06
190,64,1000,50,1.8134e-06
200,64,1000,50,1.8805e-06
210,64,1000,50,1.8275e-06
220,64,1000,50,1.8033e-06
230,64,1000,50,1.8134e-06
240,64,1000,50,1.8374000000000002e-06
250,64,1000,50,1.8856e-06
260,64,1000,50,1.8294e-06
270,64,1000,50,1.8385e-06
280,64,1000,50,1.8374000000000002e-06
290,64,1000,50,1.8083e-06
300,64,1000,50,1.8084000000000001e-06
310,64,1000,50,1.8104e-06
320,64,1000,50,1.8365e-06
330,64,1000,50,1.8124e-06
340,64,1000,50,1.8325e-06
350,64,1000,50,1.8205e-06
360,64,1000,50,2.4215e-06
370,64,1000,50,1.8294e-06
380,64,1000,50,1.7864000000000002e-06
390,64,1000,50,1.9467e-06
400,64,1000,50,1.8414e-06
410,64,1000,50,1.8044e-06
420,64,1000,50,1.8205e-06
430,64,1000,50,1.8275e-06
440,64,1000,50,1.8284000000000001e-06
450,64,1000,50,1.8074e-06
460,64,1000,50,1.7924000000000002e-06
470,64,1000,50,1.8625e-06
480,64,1000,50,1.8284000000000001e-06
490,64,1000,50,1.8074e-06
500,64,1000,50,1.8314000000000002e-06
510,64,1000,50,1.8175e-06
520,64,1000,50,1.8796e-06
530,64,1000,50,1.8304e-06
540,64,1000,50,1.8334e-06
550,64,1000,50,1.8505e-06
560,64,1000,50,1.8214e-06
570,64,1000,50,1.8474e-06
580,64,1000,50,1.8264e-06
590,64,1000,50,1.8244e-06
600,64,1000,50,1.8314000000000002e-06
610,64,1000,50,1.8264e-06
620,64,1000,50,1.8354e-06
630,64,1000,50,2.3284e-06
640,64,1000,50,1.8474e-06
650,64,1000,50,1.8084000000000001e-06
660,64,1000,50,1.8455e-06
670,64,1000,50,1.8134e-06
680,64,1000,50,1.8545e-06
690,64,1000,50,1.8425e-06
700,64,1000,50,1.8164e-06
710,64,1000,50,1.8194e-06
720,64,1000,50,1.8224000000000001e-06
730,64,1000,50,1.8275e-06
740,64,1000,50,1.8565e-06
750,64,1000,50,1.8264e-06
760,64,1000,50,1.7994e-06
770,64,1000,50,1.8375e-06
780,64,1000,50,1.8164e-06
790,64,1000,50,1.8244e-06
800,64,1000,50,1.8255e-06
810,64,1000,50,1.8274e-06
820,64,1000,50,1.8265e-06
830,64,1000,50,1.7764e-06
840,64,1000,50,2.0819e-06
850,64,1000,50,1.8084000000000001e-06
860,64,1000,50,1.8114000000000001e-06
870,64,1000,50,1.8655e-06
880,64,1000,50,1.8805999999999998e-06
890,64,1000,50,1.8164e-06
900,64,1000,50,1.9185e-06
910,64,1000,50,1.8274e-06
920,64,1000,50,1.8124e-06
930,64,1000,50,1.7962999999999999e-06
940,64,1000,50,1.8083e-06
950,64,1000,50,1.8284000000000001e-06
960,64,1000,50,1.8605e-06
970,64,1000,50,1.7682999999999999e-06
980,64,1000,50,1.8324e-06
990,64,1000,50,1.8335e-06
1000,64,1000,50,1.8354e-06
1010,64,1000,50,1.8355e-06
1020,64,1000,50,1.7693e-06
1030,64,1000,50,1.8143e-06
1040,64,1000,50,1.8314000000000002e-06
0,128,1000,50,1.8334e-06
10,128,1000,50,1.8514000000000002e-06
20,128,1000,50,1.8294e-06
30,128,1000,50,2.0377999999999998e-06
40,128,1000,50,1.8194e-06
50,128,1000,50,1.8435e-06
60,128,1000,50,1.8225e-06
70,128,1000,50,1.8014e-06
80,128,1000,50,1.8205e-06
90,128,1000,50,1.8314000000000002e-06
100,128,1000,50,1.7994e-06
110,128,1000,50,1.8114000000000001e-06
120,128,1000,50,1.8194e-06
130,128,1000,50,1.8105e-06
140,128,1000,50,1.8154e-06
150,128,1000,50,1.8054000000000001e-06
160,128,1000,50,1.8164e-06
170,128,1000,50,1.8162999999999999e-06
180,128,1000,50,1.8054000000000001e-06
190,128,1000,50,1.8114000000000001e-06
200,128,1000,50,1.7852999999999999e-06
210,128,1000,50,1.8425e-06
220,128,1000,50,1.7984e-06
230,128,1000,50,1.8174000000000002e-06
240,128,1000,50,1.8022999999999999e-06
250,128,1000,50,1.8584e-06
260,128,1000,50,1.8244e-06
270,128,1000,50,1.8575e-06
280,128,1000,50,1.8004000000000002e-06
290,128,1000,50,1.8154e-06
300,128,1000,50,1.9035999999999999e-06
310,128,1000,50,1.8194e-06
320,128,1000,50,1.8514000000000002e-06
330,128,1000,50,1.8274e-06
340,128,1000,50,1.8415e-06
350,128,1000,50,1.8304e-06
360,128,1000,50,1.9346e-06
370,128,1000,50,1.8064000000000002e-06
380,128,1000,50,1.8094e-06
390,128,1000,50,1.8154e-06
400,128,1000,50,1.8345e-06
410,128,1000,50,1.7983e-06
420,128,1000,50,1.8324e-06
430,128,1000,50,1.7833e-06
440,128,1000,50,1.8224000000000001e-06
450,128,1000,50,1.8104e-06
460,128,1000,50,1.8384e-06
470,128,1000,50,1.8084000000000001e-06
480,128,1000,50,1.8003e-06
490,128,1000,50,1.8505e-06
500,128,1000,50,1.8906e-06
510,128,1000,50,1.8365e-06
520,128,1000,50,1.8284000000000001e-06
530,128,1000,50,1.8204000000000002e-06
540,128,1000,50,1.8344000000000002e-06
550,128,1000,50,1.8225e-06
560,128,1000,50,1.8385e-06
570,128,1000,50,1.7984e-06
580,128,1000,50,1.7943e-06
590,128,1000,50,1.8225e-06
600,128,1000,50,1.8495e-06
610,128,1000,50,1.8124e-06
620,128,1000,50,1.7974000000000001e-06
630,128,1000,50,1.8465e-06
640,128,1000,50,1.8184e-06
650,128,1000,50,1.7984e-06
660,128,1000,50,1.8294e-06
670,128,1000,50,1.8074e-06
680,128,1000,50,1.7964e-06
690,128,1000,50,1.8044e-06
700,128,1000,50,1.8234000000000002e-06
710,128,1000,50,1.8124e-06
720,128,1000,50,1.8114000000000001e-06
730,128,1000,50,1.7954e-06
740,128,1000,50,1.8155e-06
750,128,1000,50,1.8114000000000001e-06
760,128,1000,50,1.8024e-06
770,128,1000,50,1.8234000000000002e-06
780,128,1000,50,1.8375e-06
790,128,1000,50,1.8284000000000001e-06
800,128,1000,50,1.8245e-06
810,128,1000,50,1.8064000000000002e-06
820,128,1000,50,1.8022999999999999e-06
830,128,1000,50,1.8105e-06
840,128,1000,50,1.8475e-06
850,128,1000,50,1.8044e-06
860,128,1000,50,1.8154e-06
870,128,1000,50,1.9677000000000002e-06
880,128,1000,50,1.8405e-06
890,128,1000,50,1.8104e-06
900,128,1000,50,1.8194e-06
910,128,1000,50,1.7933e-06
920,128,1000,50,1.8074e-06
930,128,1000,50,1.8084000000000001e-06
940,128,1000,50,1.8184e-06
950,128,1000,50,1.8354e-06
960,128,1000,50,1.8495e-06
970,128,1000,50,1.8214e-06
980,128,1000,50,1.8205e-06
990,128,1000,50,1.8154e-06
1000,128,1000,50,1.8175e-06
1010,128,1000,50,1.8675e-06
1020,128,1000,50,1.8164e-06
1030,128,1000,50,1.7913e-06
1040,128,1000,50,1.8014e-06
0,256,1000,50,1.9005999999999999e-06
10,256,1000,50,2.0498000000000003e-06
20,256,1000,50,1.8474e-06
30,256,1000,50,1.8605e-06
40,256,1000,50,1.8274e-06
50,256,1000,50,1.8144000000000002e-06
60,256,1000,50,1.8785e-06
70,256,1000,50,1.7914000000000001e-06
80,256,1000,50,2.3644e-06
90,256,1000,50,1.8405e-06
100,256,1000,50,1.8114000000000001e-06
110,256,1000,50,1.8755e-06
120,256,1000,50,1.8465e-06
130,256,1000,50,1.9236e-06
140,256,1000,50,1.8335e-06
150,256,1000,50,1.8195e-06
160,256,1000,50,1.8184e-06
170,256,1000,50,1.9717e-06
180,256,1000,50,1.8515e-06
190,256,1000,50,1.8415e-06
200,256,1000,50,1.8585e-06
210,256,1000,50,1.8174000000000002e-06
220,256,1000,50,1.8114000000000001e-06
230,256,1000,50,1.8645e-06
240,256,1000,50,1.8434e-06
250,256,1000,50,1.8835999999999998e-06
260,256,1000,50,1.8765e-06
270,256,1000,50,1.8304e-06
280,256,1000,50,1.8465e-06
290,256,1000,50,1.8275e-06
300,256,1000,50,1.8175e-06
310,256,1000,50,1.8204000000000002e-06
320,256,1000,50,1.8364000000000001e-06
330,256,1000,50,1.9887e-06
340,256,1000,50,1.8955e-06
350,256,1000,50,1.8464e-06
360,256,1000,50,1.8385e-06
370,256,1000,50,1.8184e-06
380,256,1000,50,1.8444e-06
390,256,1000,50,1.8294e-06
400,256,1000,50,1.8895999999999999e-06
410,256,1000,50,1.8445e-06
420,256,1000,50,1.8425e-06
430,256,1000,50,1.8164e-06
440,256,1000,50,1.8865e-06
450,256,1000,50,1.8424000000000001e-06
460,256,1000,50,1.8174000000000002e-06
470,256,1000,50,1.8175e-06
480,256,1000,50,1.8314000000000002e-06
490,256,1000,50,1.9216e-06
500,256,1000,50,1.8555e-06
510,256,1000,50,1.8154e-06
520,256,1000,50,2.0188e-06
530,256,1000,50,1.7943e-06
540,256,1000,50,1.8344000000000002e-06
550,256,1000,50,1.8755999999999999e-06
560,256,1000,50,1.8334e-06
570,256,1000,50,1.8534000000000001e-06
580,256,1000,50,2.0629e-06
590,256,1000,50,1.8154e-06
600,256,1000,50,1.8164e-06
610,256,1000,50,1.8334e-06
620,256,1000,50,1.8394000000000001e-06
630,256,1000,50,1.8264e-06
640,256,1000,50,1.8264e-06
650,256,1000,50,1.8134e-06
660,256,1000,50,1.8164e-06
670,256,1000,50,1.8495e-06
680,256,1000,50,1.8295e-06
690,256,1000,50,1.8344000000000002e-06
700,256,1000,50,1.8235e-06
710,256,1000,50,1.8334e-06
720,256,1000,50,1.8504e-06
730,256,1000,50,1.8064000000000002e-06
740,256,1000,50,1.8334e-06
750,256,1000,50,1.8224000000000001e-06
760,256,1000,50,1.8265e-06
770,256,1000,50,1.9156e-06
780,256,1000,50,1.8545e-06
790,256,1000,50,1.8444e-06
800,256,1000,50,1.8214e-06
810,256,1000,50,1.8545e-06
820,256,1000,50,1.8615e-06
830,256,1000,50,1.8334e-06
840,256,1000,50,1.8595e-06
850,256,1000,50,1.8004000000000002e-06
860,256,1000,50,1.8285e-06
870,256,1000,50,1.8435e-06
880,256,1000,50,1.8335e-06
890,256,1000,50,1.8485e-06
900,256,1000,50,1.8355e-06
910,256,1000,50,1.8264e-06
920,256,1000,50,1.8294e-06
930,256,1000,50,1.8805999999999998e-06
940,256,1000,50,1.8405e-06
950,256,1000,50,1.8305e-06
960,256,1000,50,1.8555e-06
970,256,1000,50,1.8264e-06
980,256,1000,50,1.8124e-06
990,256,1000,50,2.3484000000000002e-06
1000,256,1000,50,1.8195e-06
1010,256,1000,50,1.8574e-06
1020,256,1000,50,1.8374000000000002e-06
1030,256,1000,50,1.8365e-06
1040,256,1000,50,1.8925999999999999e-06
0,512,1000,50,1.8525e-06
10,512,1000,50,2.125e-06
20,512,1000,50,1.8454000000000002e-06
30,512,1000,50,2.0739e-06
40,512,1000,50,2.4476e-06
50,512,1000,50,1.8134e-06
60,512,1000,50,1.8064000000000002e-06
70,512,1000,50,1.8284000000000001e-06
80,512,1000,50,1.8374000000000002e-06
90,512,1000,50,1.8966e-06
100,512,1000,50,1.8284000000000001e-06
110,512,1000,50,1.8465e-06
120,512,1000,50,1.8185e-06
130,512,1000,50,1.8685e-06
140,512,1000,50,1.8124e-06
150,512,1000,50,1.8143e-06
160,512,1000,50,1.8425e-06
170,512,1000,50,1.8435e-06
180,512,1000,50,2.0408e-06
190,512,1000,50,1.8275e-06
200,512,1000,50,1.8384e-06
210,512,1000,50,1.8274e-06
220,512,1000,50,1.8275e-06
230,512,1000,50,1.8364000000000001e-06
240,512,1000,50,1.8365e-06
250,512,1000,50,2.2663000000000002e-06
260,512,1000,50,1.8826e-06
270,512,1000,50,1.8424000000000001e-06
280,512,1000,50,1.8706e-06
290,512,1000,50,1.8344000000000002e-06
300,512,1000,50,1.8655e-06
310,512,1000,50,1.8705e-06
320,512,1000,50,1.8375e-06
330,512,1000,50,1.8675e-06
340,512,1000,50,1.9547e-06
350,512,1000,50,1.8555e-06
360,512,1000,50,1.8925999999999999e-06
370,512,1000,50,1.8155e-06
380,512,1000,50,1.8494e-06
390,512,1000,50,1.8505e-06
400,512,1000,50,1.8525e-06
410,512,1000,50,2.3363e-06
420,512,1000,50,1.8414e-06
430,512,1000,50,1.8605e-06
440,512,1000,50,1.8324e-06
450,512,1000,50,1.8665e-06
460,512,1000,50,1.8394000000000001e-06
470,512,1000,50,1.8595e-06
480,512,1000,50,1.8665999999999998e-06
490,512,1000,50,1.8325e-06
500,512,1000,50,1.9817e-06
510,512,1000,50,1.8174000000000002e-06
520,512,1000,50,1.8284000000000001e-06
530,512,1000,50,1.8435e-06
540,512,1000,50,1.8234000000000002e-06
550,512,1000,50,1.8514000000000002e-06
560,512,1000,50,1.8144000000000002e-06
570,512,1000,50,1.8925999999999999e-06
580,512,1000,50,1.8395e-06
590,512,1000,50,1.8074e-06
600,512,1000,50,1.8725e-06
610,512,1000,50,1.8304e-06
620,512,1000,50,1.8575e-06
630,512,1000,50,1.8805999999999998e-06
640,512,1000,50,1.8294e-06
650,512,1000,50,1.8465e-06
660,512,1000,50,1.9807e-06
670,512,1000,50,1.8545e-06
680,512,1000,50,1.8175e-06
690,512,1000,50,1.8525e-06
700,512,1000,50,1.8274e-06
710,512,1000,50,1.8575e-06
720,512,1000,50,1.8755e-06
730,512,1000,50,1.8845e-06
740,512,1000,50,1.8514000000000002e-06
750,512,1000,50,1.8555e-06
760,512,1000,50,1.8274e-06
770,512,1000,50,1.8475e-06
780,512,1000,50,1.8435e-06
790,512,1000,50,1.8335e-06
800,512,1000,50,1.8424000000000001e-06
810,512,1000,50,1.8295e-06
820,512,1000,50,1.9035e-06
830,512,1000,50,1.8454000000000002e-06
840,512,1000,50,1.8925999999999999e-06
850,512,1000,50,1.8365e-06
860,512,1000,50,1.8484000000000002e-06
870,512,1000,50,1.9297e-06
880,512,1000,50,1.8294e-06
890,512,1000,50,1.8384e-06
900,512,1000,50,1.8856e-06
910,512,1000,50,1.8334e-06
920,512,1000,50,1.8595e-06
930,512,1000,50,1.8956e-06
940,512,1000,50,1.8575e-06
950,512,1000,50,1.8614e-06
960,512,1000,50,1.9587e-06
970,512,1000,50,1.8685e-06
980,512,1000,50,1.8334e-06
990,512,1000,50,1.9216e-06
1000,512,1000,50,1.8404e-06
1010,512,1000,50,1.8305e-06
1020,512,1000,50,1.8314000000000002e-06
1030,512,1000,50,1.8184e-06
1040,512,1000,50,1.8415e-06
0,1024,1000,50,1.9897e-06
10,1024,1000,50,1.9446e-06
20,1024,1000,50,1.9506e-06
30,1024,1000,50,1.9407e-06
40,1024,1000,50,1.9366e-06
50,1024,1000,50,2.0388e-06
60,1024,1000,50,1.9417e-06
70,1024,1000,50,1.9355999999999997e-06
80,1024,1000,50,1.9387e-06
90,1024,1000,50,1.8865999999999999e-06
100,1024,1000,50,1.9026e-06
110,1024,1000,50,1.9295999999999997e-06
120,1024,1000,50,1.9326e-06
130,1024,1000,50,1.9316e-06
140,1024,1000,50,1.9015e-06
150,1024,1000,50,1.9295999999999997e-06
160,1024,1000,50,1.9176e-06
170,1024,1000,50,1.9337000000000002e-06
180,1024,1000,50,1.9146e-06
190,1024,1000,50,1.9106e-06
200,1024,1000,50,1.9216e-06
210,1024,1000,50,1.9286e-06
220,1024,1000,50,1.9065e-06
230,1024,1000,50,1.9637e-06
240,1024,1000,50,1.9347e-06
250,1024,1000,50,1.9417e-06
260,1024,1000,50,1.9185999999999997e-06
270,1024,1000,50,2.13e-06
280,1024,1000,50,2.3544000000000003e-06
290,1024,1000,50,1.9216e-06
300,1024,1000,50,1.9035e-06
310,1024,1000,50,1.9446e-06
320,1024,1000,50,1.9396e-06
330,1024,1000,50,1.9366e-06
340,1024,1000,50,1.9426e-06
350,1024,1000,50,1.8925e-06
360,1024,1000,50,1.9387e-06
370,1024,1000,50,1.9185999999999997e-06
380,1024,1000,50,2.0518e-06
390,1024,1000,50,1.9366e-06
400,1024,1000,50,1.9226e-06
410,1024,1000,50,1.8936e-06
420,1024,1000,50,1.9537e-06
430,1024,1000,50,1.9417e-06
440,1024,1000,50,1.9777e-06
450,1024,1000,50,1.9426e-06
460,1024,1000,50,1.9307e-06
470,1024,1000,50,1.9417e-06
480,1024,1000,50,1.9286e-06
490,1024,1000,50,1.9245999999999998e-06
500,1024,1000,50,1.9646e-06
510,1024,1000,50,1.9287e-06
520,1024,1000,50,1.9156e-06
530,1024,1000,50,1.9095e-06
540,1024,1000,50,1.9346e-06
550,1024,1000,50,1.9257e-06
560,1024,1000,50,1.9075999999999997e-06
570,1024,1000,50,1.9135999999999998e-06
580,1024,1000,50,1.9377e-06
590,1024,1000,50,1.9226e-06
600,1024,1000,50,1.9837e-06
610,1024,1000,50,1.9376e-06
620,1024,1000,50,1.9336e-06
630,1024,1000,50,1.9206e-06
640,1024,1000,50,1.9025e-06
650,1024,1000,50,2.5668e-06
660,1024,1000,50,1.9366e-06
670,1024,1000,50,1.9256e-06
680,1024,1000,50,1.9297e-06
690,1024,1000,50,1.9406e-06
700,1024,1000,50,1.9415999999999998e-06
710,1024,1000,50,1.9165e-06
720,1024,1000,50,1.9125e-06
730,1024,1000,50,1.9276e-06
740,1024,1000,50,2.12e-06
750,1024,1000,50,1.9527e-06
760,1024,1000,50,1.9086e-06
770,1024,1000,50,1.9236e-06
780,1024,1000,50,1.9497e-06
790,1024,1000,50,1.9245999999999998e-06
800,1024,1000,50,1.9347e-06
810,1024,1000,50,1.9146e-06
820,1024,1000,50,1.9196e-06
830,1024,1000,50,1.9065e-06
840,1024,1000,50,2.0037e-06
850,1024,1000,50,1.9146e-06
860,1024,1000,50,1.9567000000000003e-06
870,1024,1000,50,1.9256e-06
880,1024,1000,50,1.9295999999999997e-06
890,1024,1000,50,1.9206e-06
900,1024,1000,50,1.9266e-06
910,1024,1000,50,1.9146e-06
920,1024,1000,50,1.9346e-06
930,1024,1000,50,1.9135999999999998e-06
940,1024,1000,50,1.9276e-06
950,1024,1000,50,1.9185999999999997e-06
960,1024,1000,50,1.9427e-06
970,1024,1000,50,1.9587e-06
980,1024,1000,50,1.9096e-06
990,1024,1000,50,1.9497e-06
1000,1024,1000,50,1.9106e-06
1010,1024,1000,50,1.9487e-06
1020,1024,1000,50,1.9486e-06
1030,1024,1000,50,1.9156e-06
1040,1024,1000,50,1.9035999999999999e-06
0,2048,1000,50,2.0268e-06
10,2048,1000,50,2.1601e-06
20,2048,1000,50,2.0108e-06
30,2048,1000,50,2.177e-06
40,2048,1000,50,2.3004e-06
50,2048,1000,50,2.0549e-06
60,2048,1000,50,2.0519e-06
70,2048,1000,50,2.0488e-06
80,2048,1000,50,2.0288e-06
90,2048,1000,50,2.12e-06
100,2048,1000,50,1.9967e-06
110,2048,1000,50,2.0739e-06
120,2048,1000,50,2.124e-06
130,2048,1000,50,2.0718000000000002e-06
140,2048,1000,50,2.0037999999999998e-06
150,2048,1000,50,2.0478e-06
160,2048,1000,50,2.1249e-06
170,2048,1000,50,2.0648e-06
180,2048,1000,50,2.157e-06
190,2048,1000,50,2.5298000000000003e-06
200,2048,1000,50,2.0137e-06
210,2048,1000,50,2.0278e-06
220,2048,1000,50,2.0549e-06
230,2048,1000,50,2.0348e-06
240,2048,1000,50,2.1e-06
250,2048,1000,50,2.0358e-06
260,2048,1000,50,2.0739e-06
270,2048,1000,50,1.9988e-06
280,2048,1000,50,2.0789e-06
290,2048,1000,50,2.0939e-06
300,2048,1000,50,2.0609e-06
310,2048,1000,50,2.0568000000000004e-06
320,2048,1000,50,1.9977e-06
330,2048,1000,50,2.115e-06
340,2048,1000,50,2.0388e-06
350,2048,1000,50,2.0799e-06
360,2048,1000,50,2.0388e-06
370,2048,1000,50,2.113e-06
380,2048,1000,50,2.0458e-06
390,2048,1000,50,2.0879e-06
400,2048,1000,50,2.0058e-06
410,2048,1000,50,2.0879e-06
420,2048,1000,50,2.2001e-06
430,2048,1000,50,2.4526e-06
440,2048,1000,50,2.0309e-06
450,2048,1000,50,2.0518e-06
460,2048,1000,50,1.9998e-06
470,2048,1000,50,2.2482e-06
480,2048,1000,50,2.0569e-06
490,2048,1000,50,2.0739e-06
500,2048,1000,50,2.0709e-06
510,2048,1000,50,2.0268e-06
520,2048,1000,50,2.0599e-06
530,2048,1000,50,2.0409000000000002e-06
540,2048,1000,50,2.0519e-06
550,2048,1000,50,2.0359000000000003e-06
560,2048,1000,50,2.1039e-06
570,2048,1000,50,2.0068e-06
580,2048,1000,50,2.0829e-06
590,2048,1000,50,2.0929e-06
600,2048,1000,50,2.0739e-06
610,2048,1000,50,2.11e-06
620,2048,1000,50,2.0238e-06
630,2048,1000,50,2.0759e-06
640,2048,1000,50,2.0278e-06
650,2048,1000,50,2.0538e-06
660,2048,1000,50,2.0327e-06
670,2048,1000,50,2.6489e-06
680,2048,1000,50,2.0278e-06
690,2048,1000,50,2.0799e-06
700,2048,1000,50,2.0979000000000003e-06
710,2048,1000,50,2.0478e-06
720,2048,1000,50,2.0248e-06
730,2048,1000,50,2.114e-06
740,2048,1000,50,2.0178e-06
750,2048,1000,50,2.0618000000000003e-06
760,2048,1000,50,2.0619e-06
770,2048,1000,50,2.0418e-06
780,2048,1000,50,1.9848e-06
790,2048,1000,50,2.0609e-06
800,2048,1000,50,2.0539e-06
810,2048,1000,50,2.0408e-06
820,2048,1000,50,2.106e-06
830,2048,1000,50,2.0178e-06
840,2048,1000,50,2.0488e-06
850,2048,1000,50,2.0288e-06
860,2048,1000,50,2.089e-06
870,2048,1000,50,2.0448e-06
880,2048,1000,50,2.0939e-06
890,2048,1000,50,2.0298e-06
900,2048,1000,50,2.0839e-06
910,2048,1000,50,2.5098e-06
920,2048,1000,50,2.0579000000000002e-06
930,2048,1000,50,2.131e-06
940,2048,1000,50,2.0799e-06
950,2048,1000,50,2.1169e-06
960,2048,1000,50,2.0929e-06
970,2048,1000,50,2.0518e-06
980,2048,1000,50,2.0348e-06
990,2048,1000,50,2.0969e-06
1000,2048,1000,50,2.0729e-06
1010,2048,1000,50,1.9987e-06
1020,2048,1000,50,2.0549e-06
1030,2048,1000,50,2.0629e-06
1040,2048,1000,50,2.0017000000000002e-06
0,4096,1000,50,2.5849e-06
10,4096,1000,50,2.5779e-06
20,4096,1000,50,2.3224e-06
30,4096,1000,50,2.4156e-06
40,4096,1000,50,2.4246e-06
50,4096,1000,50,2.5918000000000003e-06
60,4096,1000,50,2.2412e-06
70,4096,1000,50,2.2933e-06
80,4096,1000,50,2.3294e-06
90,4096,1000,50,2.1991e-06
100,4096,1000,50,2.2040999999999998e-06
110,4096,1000,50,2.2231e-06
120,4096,1000,50,2.1920999999999997e-06
130,4096,1000,50,2.2482e-06
140,4096,1000,50,2.2241e-06
150,4096,1000,50,2.6038000000000004e-06
160,4096,1000,50,2.2713e-06
170,4096,1000,50,2.2352e-06
180,4096,1000,50,2.2613000000000003e-06
190,4096,1000,50,2.1801e-06
200,4096,1000,50,2.2202e-06
210,4096,1000,50,2.2533e-06
220,4096,1000,50,2.2731999999999997e-06
230,4096,1000,50,2.2412e-06
240,4096,1000,50,2.2051e-06
250,4096,1000,50,2.2051e-06
260,4096,1000,50,2.2142e-06
270,4096,1000,50,2.6399e-06
280,4096,1000,50,2.2643e-06
290,4096,1000,50,2.3013000000000003e-06
300,4096,1000,50,2.2501999999999996e-06
310,4096,1000,50,2.2192e-06
320,4096,1000,50,2.2783000000000003e-06
330,4096,1000,50,2.2302e-06
340,4096,1000,50,2.2312e-06
350,4096,1000,50,2.2763e-06
360,4096,1000,50,2.2090999999999997e-06
370,4096,1000,50,2.2974000000000002e-06
380,4096,1000,50,2.2262e-06
390,4096,1000,50,2.4796999999999997e-06
400,4096,1000,50,2.2291e-06
410,4096,1000,50,2.2291999999999998e-06
420,4096,1000,50,2.2131e-06
430,4096,1000,50,2.2993e-06
440,4096,1000,50,2.2461999999999998e-06
450,4096,1000,50,2.3916e-06
460,4096,1000,50,2.2281999999999997e-06
470,4096,1000,50,2.2501999999999996e-06
480,4096,1000,50,2.2352e-06
490,4096,1000,50,2.2613000000000003e-06
500,4096,1000,50,2.2362e-06
510,4096,1000,50,2.2131e-06
520,4096,1000,50,2.3104e-06
530,4096,1000,50,2.2121999999999998e-06
540,4096,1000,50,2.2362e-06
550,4096,1000,50,2.2482e-06
560,4096,1000,50,2.1980999999999998e-06
570,4096,1000,50,2.2251e-06
580,4096,1000,50,2.2211e-06
590,4096,1000,50,2.2713e-06
600,4096,1000,50,2.2482e-06
610,4096,1000,50,2.4115e-06
620,4096,1000,50,2.2341999999999997e-06
630,4096,1000,50,2.1962e-06
640,4096,1000,50,2.2412e-06
650,4096,1000,50,2.4014e-06
660,4096,1000,50,2.2362e-06
670,4096,1000,50,2.2441999999999996e-06
680,4096,1000,50,2.2191e-06
690,4096,1000,50,2.2703e-06
700,4096,1000,50,2.2382e-06
710,4096,1000,50,2.2271999999999996e-06
720,4096,1000,50,2.2692e-06
730,4096,1000,50,2.1951e-06
740,4096,1000,50,2.4647e-06
750,4096,1000,50,2.2522e-06
760,4096,1000,50,2.2423e-06
770,4096,1000,50,2.3774e-06
780,4096,1000,50,2.688e-06
790,4096,1000,50,2.2543e-06
800,4096,1000,50,2.2281999999999997e-06
810,4096,1000,50,2.2671999999999997e-06
820,4096,1000,50,2.3174e-06
830,4096,1000,50,2.2132e-06
840,4096,1000,50,2.2552e-06
850,4096,1000,50,2.2111999999999997e-06
860,4096,1000,50,2.2593e-06
870,4096,1000,50,2.4887e-06
880,4096,1000,50,2.2001999999999997e-06
890,4096,1000,50,2.2121e-06
900,4096,1000,50,2.2583e-06
910,4096,1000,50,2.4126e-06
920,4096,1000,50,2.2571999999999998e-06
930,4096,1000,50,2.2602e-06
940,4096,1000,50,2.2571999999999998e-06
950,4096,1000,50,2.2291e-06
960,4096,1000,50,2.2642e-06
970,4096,1000,50,2.3234e-06
980,4096,1000,50,2.1841e-06
990,4096,1000,50,2.2994e-06
1000,4096,1000,50,2.2142e-06
1010,4096,1000,50,2.2602e-06
1020,4096,1000,50,2.2011e-06
1030,4096,1000,50,2.2683000000000004e-06
1040,4096,1000,50,2.4446e-06
0,8192,1000,50,3.7891e-06
10,8192,1000,50,3.8052e-06
20,8192,1000,50,3.724e-06
30,8192,1000,50,3.7590999999999997e-06
40,8192,1000,50,4.4504e-06
50,8192,1000,50,3.6618000000000002e-06
60,8192,1000,50,3.5247e-06
70,8192,1000,50,4.0817e-06
80,8192,1000,50,3.3953000000000003e-06
90,8192,1000,50,3.3723000000000003e-06
100,8192,1000,50,3.3533e-06
110,8192,1000,50,3.3473e-06
120,8192,1000,50,3.3753e-06
130,8192,1000,50,3.4615e-06
140,8192,1000,50,3.3673000000000004e-06
150,8192,1000,50,3.4024000000000002e-06
160,8192,1000,50,3.4094e-06
170,8192,1000,50,3.0496999999999998e-06
180,8192,1000,50,2.9525e-06
190,8192,1000,50,2.9475e-06
200,8192,1000,50,2.9606e-06
210,8192,1000,50,2.9845999999999998e-06
220,8192,1000,50,2.9375e-06
230,8192,1000,50,2.9245e-06
240,8192,1000,50,2.9776e-06
250,8192,1000,50,2.9866e-06
260,8192,1000,50,2.9596e-06
270,8192,1000,50,2.9355e-06
280,8192,1000,50,3.0217e-06
290,8192,1000,50,2.9385999999999997e-06
300,8192,1000,50,2.9215e-06
310,8192,1000,50,3.1559e-06
320,8192,1000,50,2.9776e-06
330,8192,1000,50,2.9315e-06
340,8192,1000,50,2.8764e-06
350,8192,1000,50,2.9947e-06
360,8192,1000,50,2.9545e-06
370,8192,1000,50,2.9725999999999997e-06
380,8192,1000,50,2.9164e-06
390,8192,1000,50,2.9806e-06
400,8192,1000,50,2.9185e-06
410,8192,1000,50,2.9866e-06
420,8192,1000,50,2.9735e-06
430,8192,1000,50,2.9326e-06
440,8192,1000,50,2.9976e-06
450,8192,1000,50,2.9425e-06
460,8192,1000,50,2.9345e-06
470,8192,1000,50,3.4425e-06
480,8192,1000,50,2.9635e-06
490,8192,1000,50,2.9215e-06
500,8192,1000,50,2.9025e-06
510,8192,1000,50,2.9785999999999997e-06
520,8192,1000,50,2.8954000000000003e-06
530,8192,1000,50,2.9755e-06
540,8192,1000,50,2.9686e-06
550,8192,1000,50,2.9906e-06
560,8192,1000,50,2.9014000000000003e-06
570,8192,1000,50,2.9365e-06
580,8192,1000,50,2.9725999999999997e-06
590,8192,1000,50,2.8623e-06
600,8192,1000,50,2.9785e-06
610,8192,1000,50,2.8805e-06
620,8192,1000,50,2.8984e-06
630,8192,1000,50,2.9335e-06
640,8192,1000,50,2.9916e-06
650,8192,1000,50,2.9685e-06
660,8192,1000,50,2.9555e-06
670,8192,1000,50,2.9596e-06
680,8192,1000,50,2.9215e-06
690,8192,1000,50,3.0397e-06
700,8192,1000,50,2.9124000000000003e-06
710,8192,1000,50,2.9535e-06
720,8192,1000,50,3.3804000000000003e-06
730,8192,1000,50,2.9174000000000002e-06
740,8192,1000,50,2.9135e-06
750,8192,1000,50,2.9476e-06
760,8192,1000,50,2.9265e-06
770,8192,1000,50,2.9115e-06
780,8192,1000,50,2.9895999999999997e-06
790,8192,1000,50,2.9025e-06
800,8192,1000,50,2.8784000000000003e-06
810,8192,1000,50,2.9565e-06
820,8192,1000,50,2.9134e-06
830,8192,1000,50,2.9565e-06
840,8192,1000,50,2.9445e-06
850,8192,1000,50,2.9375e-06
860,8192,1000,50,2.9947e-06
870,8192,1000,50,2.9705e-06
880,8192,1000,50,2.9045e-06
890,8192,1000,50,2.9044e-06
900,8192,1000,50,2.9395e-06
910,8192,1000,50,2.9405e-06
920,8192,1000,50,2.9195e-06
930,8192,1000,50,2.8984e-06
940,8192,1000,50,3.0316999999999997e-06
950,8192,1000,50,2.9496e-06
960,8192,1000,50,2.9335e-06
970,8192,1000,50,3.4354e-06
980,8192,1000,50,2.9845999999999998e-06
990,8192,1000,50,2.9545e-06
1000,8192,1000,50,2.9175e-06
1010,8192,1000,50,2.9405e-06
1020,8192,1000,50,2.9445e-06
1030,8192,1000,50,2.9285e-06
1040,8192,1000,50,2.9255e-06
0,16384,1000,50,4.8921e-06
10,16384,1000,50,4.9472e-06
20,16384,1000,50,4.9032e-06
30,16384,1000,50,5.2509e-06
40,16384,1000,50,4.9904e-06
50,16384,1000,50,4.815e-06
60,16384,1000,50,4.4243e-06
70,16384,1000,50,4.3472e-06
80,16384,1000,50,4.5395e-06
90,16384,1000,50,4.815e-06
100,16384,1000,50,4.3351e-06
110,16384,1000,50,4.3231e-06
120,16384,1000,50,4.4093e-06
130,16384,1000,50,4.3e-06
140,16384,1000,50,4.4283000000000004e-06
150,16384,1000,50,4.3231999999999995e-06
160,16384,1000,50,4.2791e-06
170,16384,1000,50,4.3391000000000005e-06
180,16384,1000,50,4.4153e-06
190,16384,1000,50,4.5435e-06
200,16384,1000,50,4.3862e-06
210,16384,1000,50,4.3272e-06
220,16384,1000,50,4.273e-06
230,16384,1000,50,4.2961e-06
240,16384,1000,50,4.4043e-06
250,16384,1000,50,4.3512e-06
260,16384,1000,50,4.3482e-06
270,16384,1000,50,4.4093e-06
280,16384,1000,50,4.3472e-06
290,16384,1000,50,4.4603e-06
300,16384,1000,50,4.3613e-06
310,16384,1000,50,4.2578999999999995e-06
320,16384,1000,50,4.269e-06
330,16384,1000,50,4.3532e-06
340,16384,1000,50,4.4423e-06
350,16384,1000,50,4.3401e-06
360,16384,1000,50,4.329100000000001e-06
370,16384,1000,50,4.302100000000001e-06
380,16384,1000,50,4.3601e-06
390,16384,1000,50,4.4644e-06
400,16384,1000,50,4.3521e-06
410,16384,1000,50,4.3211e-06
420,16384,1000,50,4.3832e-06
430,16384,1000,50,4.3381e-06
440,16384,1000,50,4.243899999999999e-06
450,16384,1000,50,4.3181e-06
460,16384,1000,50,4.3511000000000006e-06
470,16384,1000,50,4.4081999999999996e-06
480,16384,1000,50,4.3271000000000005e-06
490,16384,1000,50,4.2671e-06
500,16384,1000,50,4.3041e-06
510,16384,1000,50,4.3211e-06
520,16384,1000,50,4.3621999999999995e-06
530,16384,1000,50,4.302100000000001e-06
540,16384,1000,50,4.324100000000001e-06
550,16384,1000,50,4.3571999999999995e-06
560,16384,1000,50,4.283e-06
570,16384,1000,50,4.3793000000000006e-06
580,16384,1000,50,4.3421e-06
590,16384,1000,50,4.4202e-06
600,16384,1000,50,4.3521e-06
610,16384,1000,50,4.3692e-06
620,16384,1000,50,4.3091e-06
630,16384,1000,50,4.3252e-06
640,16384,1000,50,4.2941e-06
650,16384,1000,50,4.341100000000001e-06
660,16384,1000,50,4.295e-06
670,16384,1000,50,4.3753e-06
680,16384,1000,50,4.307100000000001e-06
690,16384,1000,50,4.389199999999999e-06
700,16384,1000,50,4.297100000000001e-06
710,16384,1000,50,4.3501e-06
720,16384,1000,50,4.3451e-06
730,16384,1000,50,4.4543e-06
740,16384,1000,50,4.3943000000000004e-06
750,16384,1000,50,4.294e-06
760,16384,1000,50,4.3642e-06
770,16384,1000,50,4.4163e-06
780,16384,1000,50,4.3843000000000005e-06
790,16384,1000,50,4.4153e-06
800,16384,1000,50,4.3882e-06
810,16384,1000,50,4.3942e-06
820,16384,1000,50,4.4023e-06
830,16384,1000,50,4.233899999999999e-06
840,16384,1000,50,4.2871e-06
850,16384,1000,50,4.4604e-06
860,16384,1000,50,4.389199999999999e-06
870,16384,1000,50,4.3752e-06
880,16384,1000,50,4.3591e-06
890,16384,1000,50,4.3031e-06
900,16384,1000,50,4.3372e-06
910,16384,1000,50,4.341100000000001e-06
920,16384,1000,50,4.3352e-06
930,16384,1000,50,4.4243e-06
940,16384,1000,50,4.3001000000000006e-06
950,16384,1000,50,4.3221000000000005e-06
960,16384,1000,50,4.305e-06
970,16384,1000,50,4.3342e-06
980,16384,1000,50,4.3281999999999995e-06
990,16384,1000,50,4.3222e-06
1000,16384,1000,50,4.3542e-06
1010,16384,1000,50,4.4944e-06
1020,16384,1000,50,4.266e-06
1030,16384,1000,50,4.285e-06
1040,16384,1000,50,4.3341000000000006e-06
0,32768,1000,50,6.349e-06
10,32768,1000,50,6.2296000000000005e-06
20,32768,1000,50,6.3118e-06
30,32768,1000,50,6.3318999999999995e-06
40,32768,1000,50,6.1946e-06
50,32768,1000,50,6.7597e-06
60,32768,1000,50,5.9602e-06
70,32768,1000,50,5.9741999999999995e-06
80,32768,1000,50,5.9743000000000006e-06
90,32768,1000,50,5.879e-06
100,32768,1000,50,5.9611e-06
110,32768,1000,50,6.0403000000000004e-06
120,32768,1000,50,5.874e-06
130,32768,1000,50,5.9682e-06
140,32768,1000,50,5.837e-06
150,32768,1000,50,5.9652e-06
160,32768,1000,50,6.7967e-06
170,32768,1000,50,5.9561000000000005e-06
180,32768,1000,50,5.894e-06
190,32768,1000,50,5.9161e-06
200,32768,1000,50,5.868e-06
210,32768,1000,50,5.9923e-06
220,32768,1000,50,6.0143e-06
230,32768,1000,50,6.0393e-06
240,32768,1000,50,5.924100000000001e-06
250,32768,1000,50,5.9562e-06
260,32768,1000,50,6.0774e-06
270,32768,1000,50,5.9332e-06
280,32768,1000,50,5.9682e-06
290,32768,1000,50,5.890100000000001e-06
300,32768,1000,50,5.8841e-06
310,32768,1000,50,5.9101e-06
320,32768,1000,50,5.8821e-06
330,32768,1000,50,5.843e-06
340,32768,1000,50,5.8991e-06
350,32768,1000,50,6.5242e-06
360,32768,1000,50,5.919100000000001e-06
370,32768,1000,50,5.9621999999999994e-06
380,32768,1000,50,5.857e-06
390,32768,1000,50,5.9562e-06
400,32768,1000,50,5.880100000000001e-06
410,32768,1000,50,5.9391000000000004e-06
420,32768,1000,50,5.9351e-06
430,32768,1000,50,5.9782e-06
440,32768,1000,50,5.855e-06
450,32768,1000,50,5.8841e-06
460,32768,1000,50,5.806899999999999e-06
470,32768,1000,50,6.0173e-06
480,32768,1000,50,5.884e-06
490,32768,1000,50,5.9592e-06
500,32768,1000,50,5.9741999999999995e-06
510,32768,1000,50,5.9371e-06
520,32768,1000,50,5.893e-06
530,32768,1000,50,5.9101e-06
540,32768,1000,50,6.4351000000000004e-06
550,32768,1000,50,5.919100000000001e-06
560,32768,1000,50,6.1285e-06
570,32768,1000,50,5.7768e-06
580,32768,1000,50,5.881e-06
590,32768,1000,50,5.8379e-06
600,32768,1000,50,6.0031999999999995e-06
610,32768,1000,50,5.9822e-06
620,32768,1000,50,5.9081e-06
630,32768,1000,50,5.9271e-06
640,32768,1000,50,6.022399999999999e-06
650,32768,1000,50,5.9252e-06
660,32768,1000,50,5.9441e-06
670,32768,1000,50,5.9211e-06
680,32768,1000,50,5.9632e-06
690,32768,1000,50,5.9322e-06
700,32768,1000,50,5.9872e-06
710,32768,1000,50,6.0103e-06
720,32768,1000,50,6.0303000000000005e-06
730,32768,1000,50,6.4451e-06
740,32768,1000,50,6.0273e-06
750,32768,1000,50,6.0413e-06
760,32768,1000,50,5.9181e-06
770,32768,1000,50,5.9612e-06
780,32768,1000,50,5.804899999999999e-06
790,32768,1000,50,5.821e-06
800,32768,1000,50,6.0604e-06
810,32768,1000,50,5.880100000000001e-06
820,32768,1000,50,5.8428999999999996e-06
830,32768,1000,50,5.9681000000000005e-06
840,32768,1000,50,5.892100000000001e-06
850,32768,1000,50,5.8299e-06
860,32768,1000,50,5.9641e-06
870,32768,1000,50,5.838899999999999e-06
880,32768,1000,50,5.9291000000000005e-06
890,32768,1000,50,5.909100000000001e-06
900,32768,1000,50,5.958100000000001e-06
910,32768,1000,50,5.9242e-06
920,32768,1000,50,5.9281e-06
930,32768,1000,50,5.9691999999999995e-06
940,32768,1000,50,6.5853e-06
950,32768,1000,50,5.887100000000001e-06
960,32768,1000,50,5.9923e-06
970,32768,1000,50,5.9372e-06
980,32768,1000,50,6.0594e-06
990,32768,1000,50,5.8138999999999995e-06
1000,32768,1000,50,6.1426e-06
1010,32768,1000,50,6.0183000000000005e-06
1020,32768,1000,50,5.9722e-06
1030,32768,1000,50,5.844e-06
1040,32768,1000,50,5.9642e-06
0,65536,1000,50,7.7556e-06
10,65536,1000,50,7.8507e-06
20,65536,1000,50,7.8127e-06
30,65536,1000,50,7.7365e-06
40,65536,1000,50,7.7196e-06
50,65536,1000,50,7.9329e-06
60,65536,1000,50,7.7536e-06
70,65536,1000,50,7.7926e-06
80,65536,1000,50,8.1934e-06
90,65536,1000,50,7.7215e-06
100,65536,1000,50,7.6414e-06
110,65536,1000,50,7.6824e-06
120,65536,1000,50,7.8658e-06
130,65536,1000,50,7.8126e-06
140,65536,1000,50,7.8758e-06
150,65536,1000,50,7.8107e-06
160,65536,1000,50,7.5712e-06
170,65536,1000,50,7.8167e-06
180,65536,1000,50,7.7967e-06
190,65536,1000,50,7.7425e-06
200,65536,1000,50,7.7305e-06
210,65536,1000,50,7.7485e-06
220,65536,1000,50,8.3206e-06
230,65536,1000,50,7.7556e-06
240,65536,1000,50,8.0862e-06
250,65536,1000,50,8.076199999999999e-06
260,65536,1000,50,7.6965e-06
270,65536,1000,50,7.7005e-06
280,65536,1000,50,7.8648e-06
290,65536,1000,50,7.6925e-06
300,65536,1000,50,7.6834e-06
310,65536,1000,50,7.705399999999999e-06
320,65536,1000,50,7.7335e-06
330,65536,1000,50,7.6063e-06
340,65536,1000,50,7.7335e-06
350,65536,1000,50,7.7655e-06
360,65536,1000,50,8.1523e-06
370,65536,1000,50,7.6454e-06
380,65536,1000,50,7.7065e-06
390,65536,1000,50,7.971e-06
400,65536,1000,50,7.7877e-06
410,65536,1000,50,7.9429e-06
420,65536,1000,50,7.6985e-06
430,65536,1000,50,8.2334e-06
440,65536,1000,50,7.7115e-06
450,65536,1000,50,7.7125e-06
460,65536,1000,50,7.6503e-06
470,65536,1000,50,7.8407e-06
480,65536,1000,50,7.7646e-06
490,65536,1000,50,7.7545e-06
500,65536,1000,50,8.194399999999999e-06
510,65536,1000,50,7.9038e-06
520,65536,1000,50,7.9129e-06
530,65536,1000,50,7.827600000000001e-06
540,65536,1000,50,8.040100000000001e-06
550,65536,1000,50,7.810600000000001e-06
560,65536,1000,50,7.7706e-06
570,65536,1000,50,7.6975e-06
580,65536,1000,50,7.8748e-06
590,65536,1000,50,7.783600000000001e-06
600,65536,1000,50,8.2355e-06
610,65536,1000,50,7.964899999999999e-06
620,65536,1000,50,2.62353e-05
630,65536,1000,50,7.6794e-06
640,65536,1000,50,7.9208e-06
650,65536,1000,50,7.7425e-06
660,65536,1000,50,8.0952e-06
670,65536,1000,50,7.971899999999999e-06
680,65536,1000,50,7.8017e-06
690,65536,1000,50,7.8778e-06
700,65536,1000,50,8.0181e-06
710,65536,1000,50,8.518899999999999e-06
720,65536,1000,50,7.8798e-06
730,65536,1000,50,7.6383e-06
740,65536,1000,50,7.7245e-06
750,65536,1000,50,7.6784e-06
760,65536,1000,50,7.7735e-06
770,65536,1000,50,7.7826e-06
780,65536,1000,50,7.983e-06
790,65536,1000,50,7.8949e-06
800,65536,1000,50,8.032e-06
810,65536,1000,50,7.6193e-06
820,65536,1000,50,7.8487e-06
830,65536,1000,50,7.7886e-06
840,65536,1000,50,7.7565e-06
850,65536,1000,50,7.6253000000000005e-06
860,65536,1000,50,7.5702e-06
870,65536,1000,50,7.7365e-06
880,65536,1000,50,7.8146e-06
890,65536,1000,50,7.9249e-06
900,65536,1000,50,7.7325e-06
910,65536,1000,50,7.7205e-06
920,65536,1000,50,7.674399999999999e-06
930,65536,1000,50,7.7085e-06
940,65536,1000,50,8.3257e-06
950,65536,1000,50,7.657399999999999e-06
960,65536,1000,50,7.7095e-06
970,65536,1000,50,7.786600000000001e-06
980,65536,1000,50,7.7957e-06
990,65536,1000,50,7.921800000000001e-06
1000,65536,1000,50,7.796600000000001e-06
1010,65536,1000,50,7.7856e-06
1020,65536,1000,50,8.0842e-06
1030,65536,1000,50,7.984e-06
1040,65536,1000,50,7.9008e-06
0,131072,1000,50,1.53869e-05
10,131072,1000,50,1.53077e-05
20,131072,1000,50,1.57115e-05
30,131072,1000,50,1.55161e-05
40,131072,1000,50,1.61823e-05
50,131072,1000,50,1.56293e-05
60,131072,1000,50,1.53788e-05
70,131072,1000,50,1.5472e-05
80,131072,1000,50,1.52386e-05
90,131072,1000,50,1.5775600000000002e-05
100,131072,1000,50,1.5463e-05
110,131072,1000,50,1.6112299999999998e-05
120,131072,1000,50,1.55953e-05
130,131072,1000,50,1.5590200000000002e-05
140,131072,1000,50,1.5444e-05
150,131072,1000,50,1.5467e-05
160,131072,1000,50,1.53839e-05
170,131072,1000,50,1.54499e-05
180,131072,1000,50,1.61584e-05
190,131072,1000,50,1.5498e-05
200,131072,1000,50,1.55271e-05
210,131072,1000,50,1.57435e-05
220,131072,1000,50,1.53729e-05
230,131072,1000,50,1.56013e-05
240,131072,1000,50,1.5454e-05
250,131072,1000,50,1.58838e-05
260,131072,1000,50,1.5469e-05
270,131072,1000,50,1.54991e-05
280,131072,1000,50,1.53638e-05
290,131072,1000,50,1.54189e-05
300,131072,1000,50,1.57555e-05
310,131072,1000,50,1.53839e-05
320,131072,1000,50,1.61914e-05
330,131072,1000,50,1.53268e-05
340,131072,1000,50,1.56164e-05
350,131072,1000,50,1.5478e-05
360,131072,1000,50,1.53939e-05
370,131072,1000,50,1.5926799999999998e-05
380,131072,1000,50,1.5416899999999998e-05
390,131072,1000,50,1.59379e-05
400,131072,1000,50,1.55211e-05
410,131072,1000,50,1.55813e-05
420,131072,1000,50,1.5442e-05
430,131072,1000,50,1.5447899999999998e-05
440,131072,1000,50,1.56073e-05
450,131072,1000,50,1.52877e-05
460,131072,1000,50,1.57505e-05
470,131072,1000,50,1.56173e-05
480,131072,1000,50,1.57355e-05
490,131072,1000,50,1.5325799999999998e-05
500,131072,1000,50,1.5454e-05
510,131072,1000,50,1.57846e-05
520,131072,1000,50,1.55071e-05
530,131072,1000,50,1.58617e-05
540,131072,1000,50,1.55752e-05
550,131072,1000,50,1.53087e-05
560,131072,1000,50,1.52757e-05
570,131072,1000,50,1.53017e-05
580,131072,1000,50,1.5892899999999998e-05
590,131072,1000,50,1.53087e-05
600,131072,1000,50,1.61322e-05
610,131072,1000,50,1.52216e-05
620,131072,1000,50,1.54871e-05
630,131072,1000,50,1.53678e-05
640,131072,1000,50,1.56624e-05
650,131072,1000,50,1.56674e-05
660,131072,1000,50,1.55893e-05
670,131072,1000,50,1.58047e-05
680,131072,1000,50,1.57936e-05
690,131072,1000,50,1.54379e-05
700,131072,1000,50,1.5365799999999998e-05
710,131072,1000,50,1.55271e-05
720,131072,1000,50,1.54881e-05
730,131072,1000,50,1.55943e-05
740,131072,1000,50,1.61343e-05
750,131072,1000,50,1.55412e-05
760,131072,1000,50,1.56133e-05
770,131072,1000,50,1.55632e-05
780,131072,1000,50,1.55832e-05
790,131072,1000,50,1.56514e-05
800,131072,1000,50,1.57396e-05
810,131072,1000,50,1.5977e-05
820,131072,1000,50,1.5474e-05
830,131072,1000,50,1.5516200000000002e-05
840,131072,1000,50,1.543e-05
850,131072,1000,50,1.55582e-05
860,131072,1000,50,1.54129e-05
870,131072,1000,50,1.5989e-05
880,131072,1000,50,1.5778600000000002e-05
890,131072,1000,50,1.5458e-05
900,131072,1000,50,1.56554e-05
910,131072,1000,50,1.5476e-05
920,131072,1000,50,1.56684e-05
930,131072,1000,50,1.5461e-05
940,131072,1000,50,1.58507e-05
950,131072,1000,50,1.61303e-05
960,131072,1000,50,1.52667e-05
970,131072,1000,50,1.5359799999999998e-05
980,131072,1000,50,1.54731e-05
990,131072,1000,50,1.55172e-05
1000,131072,1000,50,1.53868e-05
1010,131072,1000,50,1.55712e-05
1020,131072,1000,50,1.5997e-05
1030,131072,1000,50,1.53578e-05
1040,131072,1000,50,1.5758600000000002e-05
0,262144,1000,50,2.9377099999999997e-05
10,262144,1000,50,2.85205e-05
20,262144,1000,50,2.79344e-05
30,262144,1000,50,2.877e-05
40,262144,1000,50,2.83902e-05
50,262144,1000,50,2.8432400000000002e-05
60,262144,1000,50,2.8379299999999998e-05
70,262144,1000,50,2.79906e-05
80,262144,1000,50,2.80106e-05
90,262144,1000,50,2.9195700000000002e-05
100,262144,1000,50,2.8328099999999997e-05
110,262144,1000,50,2.80867e-05
120,262144,1000,50,2.84123e-05
130,262144,1000,50,2.8033700000000002e-05
140,262144,1000,50,2.86788e-05
150,262144,1000,50,2.771e-05
160,262144,1000,50,2.86267e-05
170,262144,1000,50,2.79044e-05
180,262144,1000,50,2.8201900000000002e-05
190,262144,1000,50,2.88902e-05
200,262144,1000,50,2.8241e-05
210,262144,1000,50,2.81549e-05
220,262144,1000,50,2.90245e-05
230,262144,1000,50,2.8239e-05
240,262144,1000,50,2.85055e-05
250,262144,1000,50,2.79625e-05
260,262144,1000,50,2.79695e-05
270,262144,1000,50,2.85767e-05
280,262144,1000,50,2.80736e-05
290,262144,1000,50,2.85776e-05
300,262144,1000,50,2.8286e-05
310,262144,1000,50,2.80526e-05
320,262144,1000,50,2.90876e-05
330,262144,1000,50,2.8142799999999998e-05
340,262144,1000,50,2.85546e-05
350,262144,1000,50,2.8550599999999997e-05
360,262144,1000,50,2.85155e-05
370,262144,1000,50,2.79935e-05
380,262144,1000,50,2.8062599999999998e-05
390,262144,1000,50,2.80757e-05
400,262144,1000,50,2.86527e-05
410,262144,1000,50,2.84995e-05
420,262144,1000,50,2.83062e-05
430,262144,1000,50,2.80245e-05
440,262144,1000,50,2.80226e-05
450,262144,1000,50,2.9255900000000002e-05
460,262144,1000,50,2.7787099999999997e-05
470,262144,1000,50,2.8421400000000002e-05
480,262144,1000,50,2.9125599999999998e-05
490,262144,1000,50,2.83372e-05
500,262144,1000,50,2.80437e-05
510,262144,1000,50,2.9125599999999998e-05
520,262144,1000,50,2.8489400000000002e-05
530,262144,1000,50,2.80637e-05
540,262144,1000,50,2.77541e-05
550,262144,1000,50,2.9303e-05
560,262144,1000,50,2.79735e-05
570,262144,1000,50,2.82049e-05
580,262144,1000,50,2.92088e-05
590,262144,1000,50,2.8441400000000002e-05
600,262144,1000,50,2.84153e-05
610,262144,1000,50,2.88171e-05
620,262144,1000,50,2.84033e-05
630,262144,1000,50,2.82581e-05
640,262144,1000,50,2.8603700000000002e-05
650,262144,1000,50,2.8043599999999997e-05
660,262144,1000,50,2.79815e-05
670,262144,1000,50,2.8446400000000003e-05
680,262144,1000,50,2.94653e-05
690,262144,1000,50,2.81999e-05
700,262144,1000,50,2.8224e-05
710,262144,1000,50,2.88812e-05
720,262144,1000,50,2.79965e-05
730,262144,1000,50,2.77912e-05
740,262144,1000,50,2.86077e-05
750,262144,1000,50,2.81618e-05
760,262144,1000,50,2.79845e-05
770,262144,1000,50,2.81558e-05
780,262144,1000,50,2.8477400000000003e-05
790,262144,1000,50,2.8084700000000002e-05
800,262144,1000,50,2.8125799999999998e-05
810,262144,1000,50,2.83101e-05
820,262144,1000,50,2.81448e-05
830,262144,1000,50,2.8223e-05
840,262144,1000,50,2.8486400000000002e-05
850,262144,1000,50,2.79956e-05
860,262144,1000,50,2.81158e-05
870,262144,1000,50,2.8623700000000002e-05
880,262144,1000,50,2.85917e-05
890,262144,1000,50,2.83872e-05
900,262144,1000,50,2.87179e-05
910,262144,1000,50,2.87269e-05
920,262144,1000,50,2.7752e-05
930,262144,1000,50,2.7620900000000002e-05
940,262144,1000,50,2.92409e-05
950,262144,1000,50,2.87911e-05
960,262144,1000,50,2.79785e-05
970,262144,1000,50,2.84353e-05
980,262144,1000,50,2.89193e-05
990,262144,1000,50,2.78042e-05
1000,262144,1000,50,2.8238e-05
1010,262144,1000,50,2.88231e-05
1020,262144,1000,50,2.89253e-05
1030,262144,1000,50,2.8026599999999997e-05
1040,262144,1000,50,2.8416299999999998e-05
0,524288,1000,50,5.34733e-05
10,524288,1000,50,5.3962300000000003e-05
20,524288,1000,50,5.36266e-05
30,524288,1000,50,5.3964199999999994e-05
40,524288,1000,50,5.35465e-05
50,524288,1000,50,5.4314900000000004e-05
60,524288,1000,50,5.3658699999999995e-05
70,524288,1000,50,5.41546e-05
80,524288,1000,50,5.35014e-05
90,524288,1000,50,5.4537300000000004e-05
100,524288,1000,50,5.33611e-05
110,524288,1000,50,5.3281e-05
120,524288,1000,50,5.41436e-05
130,524288,1000,50,5.2855199999999995e-05
140,524288,1000,50,5.3863099999999996e-05
150,524288,1000,50,5.3413300000000006e-05
160,524288,1000,50,5.3162800000000005e-05
170,524288,1000,50,5.3387199999999996e-05
180,524288,1000,50,5.3906199999999996e-05
190,524288,1000,50,5.4128599999999995e-05
200,524288,1000,50,5.2936400000000004e-05
210,524288,1000,50,5.46566e-05
220,524288,1000,50,5.35135e-05
230,524288,1000,50,5.36977e-05
240,524288,1000,50,5.35695e-05
250,524288,1000,50,5.31097e-05
260,524288,1000,50,5.34794e-05
270,524288,1000,50,5.32449e-05
280,524288,1000,50,5.42828e-05
290,524288,1000,50,5.29745e-05
300,524288,1000,50,5.39352e-05
310,524288,1000,50,5.39993e-05
320,524288,1000,50,5.3284e-05
330,524288,1000,50,5.3808e-05
340,524288,1000,50,5.37409e-05
350,524288,1000,50,5.34042e-05
360,524288,1000,50,5.39082e-05
370,524288,1000,50,5.3639699999999994e-05
380,524288,1000,50,5.30856e-05
390,524288,1000,50,5.32559e-05
400,524288,1000,50,5.33281e-05
410,524288,1000,50,5.34232e-05
420,524288,1000,50,5.3575599999999996e-05
430,524288,1000,50,5.3299e-05
440,524288,1000,50,5.39142e-05
450,524288,1000,50,5.35535e-05
460,524288,1000,50,5.37118e-05
470,524288,1000,50,5.34363e-05
480,524288,1000,50,5.32199e-05
490,524288,1000,50,5.38671e-05
500,524288,1000,50,5.33491e-05
510,524288,1000,50,5.3643699999999996e-05
520,524288,1000,50,5.30666e-05
530,524288,1000,50,5.34162e-05
540,524288,1000,50,5.30866e-05
550,524288,1000,50,5.33401e-05
560,524288,1000,50,5.3486400000000003e-05
570,524288,1000,50,5.34814e-05
580,524288,1000,50,5.35986e-05
590,524288,1000,50,5.4660599999999996e-05
600,524288,1000,50,5.35254e-05
610,524288,1000,50,5.34694e-05
620,524288,1000,50,5.41035e-05
630,524288,1000,50,5.35014e-05
640,524288,1000,50,5.40144e-05
650,524288,1000,50,5.39823e-05
660,524288,1000,50,5.39343e-05
670,524288,1000,50,5.35415e-05
680,524288,1000,50,5.3816e-05
690,524288,1000,50,5.39713e-05
700,524288,1000,50,5.35355e-05
710,524288,1000,50,5.36486e-05
720,524288,1000,50,5.40725e-05
730,524288,1000,50,5.33421e-05
740,524288,1000,50,5.36828e-05
750,524288,1000,50,5.34333e-05
760,524288,1000,50,5.33922e-05
770,524288,1000,50,5.31828e-05
780,524288,1000,50,5.39602e-05
790,524288,1000,50,5.3829e-05
800,524288,1000,50,5.29634e-05
810,524288,1000,50,5.41887e-05
820,524288,1000,50,5.37809e-05
830,524288,1000,50,5.29594e-05
840,524288,1000,50,5.4159699999999996e-05
850,524288,1000,50,5.36727e-05
860,524288,1000,50,5.44662e-05
870,524288,1000,50,5.42178e-05
880,524288,1000,50,5.39172e-05
890,524288,1000,50,5.37569e-05
900,524288,1000,50,5.37669e-05
910,524288,1000,50,5.32198e-05
920,524288,1000,50,5.35465e-05
930,524288,1000,50,5.33801e-05
940,524288,1000,50,5.45354e-05
950,524288,1000,50,5.29705e-05
960,524288,1000,50,5.3767900000000004e-05
970,524288,1000,50,5.40575e-05
980,524288,1000,50,5.2756e-05
990,524288,1000,50,5.3825e-05
1000,524288,1000,50,5.36326e-05
1010,524288,1000,50,5.40314e-05
1020,524288,1000,50,5.39703e-05
1030,524288,1000,50,5.3827e-05
1040,524288,1000,50,5.35856e-05
0,1048576,1000,50,0.0001057275
10,1048576,1000,50,0.0001055031
20,1048576,1000,50,0.000103924
30,1048576,1000,50,0.00010285
40,1048576,1000,50,0.00010460330000000001
50,1048576,1000,50,0.0001056493
60,1048576,1000,50,0.000103888
70,1048576,1000,50,0.0001036756
80,1048576,1000,50,0.000103358
90,1048576,1000,50,0.0001053197
100,1048576,1000,50,0.0001046394
110,1048576,1000,50,0.000103386
120,1048576,1000,50,0.0001035443
130,1048576,1000,50,0.0001045983
140,1048576,1000,50,0.0001050893
150,1048576,1000,50,0.0001035043
160,1048576,1000,50,0.00010373560000000001
170,1048576,1000,50,0.00010548589999999999
180,1048576,1000,50,0.000103881
190,1048576,1000,50,0.00010342410000000001
200,1048576,1000,50,0.0001035864
210,1048576,1000,50,0.00010505610000000001
220,1048576,1000,50,0.000103908
230,1048576,1000,50,0.0001029712
240,1048576,1000,50,0.00010373069999999999
250,1048576,1000,50,0.0001056282
260,1048576,1000,50,0.000103924
270,1048576,1000,50,0.000103396
280,1048576,1000,50,0.0001039781
290,1048576,1000,50,0.0001050652
300,1048576,1000,50,0.000103893
310,1048576,1000,50,0.0001045322
320,1048576,1000,50,0.0001053928
330,1048576,1000,50,0.0001043288
340,1048576,1000,50,0.000103864
350,1048576,1000,50,0.0001034953
360,1048576,1000,50,0.0001036455
370,1048576,1000,50,0.0001045993
380,1048576,1000,50,0.00010439789999999999
390,1048576,1000,50,0.0001032377
400,1048576,1000,50,0.0001036065
410,1048576,1000,50,0.0001048017
420,1048576,1000,50,0.0001047847
430,1048576,1000,50,0.00010349730000000001
440,1048576,1000,50,0.00010396010000000001
450,1048576,1000,50,0.00010533769999999999
460,1048576,1000,50,0.0001056072
470,1048576,1000,50,0.00010424160000000001
480,1048576,1000,50,0.0001024282
490,1048576,1000,50,0.0001037648
500,1048576,1000,50,0.00010511030000000001
510,1048576,1000,50,0.0001036695
520,1048576,1000,50,0.00010326480000000001
530,1048576,1000,50,0.0001031386
540,1048576,1000,50,0.00010330989999999999
550,1048576,1000,50,0.00010291110000000001
560,1048576,1000,50,0.0001043318
570,1048576,1000,50,0.0001032137
580,1048576,1000,50,0.0001026316
590,1048576,1000,50,0.0001027408
600,1048576,1000,50,0.0001033569
610,1048576,1000,50,0.0001030935
620,1048576,1000,50,0.0001039691
630,1048576,1000,50,0.00010313560000000001
640,1048576,1000,50,0.00010439589999999999
650,1048576,1000,50,0.0001030383
660,1048576,1000,50,0.0001027498
670,1048576,1000,50,0.0001040774
680,1048576,1000,50,0.0001030103
690,1048576,1000,50,0.0001027809
700,1048576,1000,50,0.0001032748
710,1048576,1000,50,0.0001039751
720,1048576,1000,50,0.00010360239999999999
730,1048576,1000,50,0.0001029212
740,1048576,1000,50,0.0001038559
750,1048576,1000,50,0.0001030905
760,1048576,1000,50,0.000102854
770,1048576,1000,50,0.00010404819999999999
780,1048576,1000,50,0.0001032568
790,1048576,1000,50,0.000103364
800,1048576,1000,50,0.0001034091
810,1048576,1000,50,0.0001032658
820,1048576,1000,50,0.0001039762
830,1048576,1000,50,0.00010292310000000001
840,1048576,1000,50,0.000103388
850,1048576,1000,50,0.0001034812
860,1048576,1000,50,0.0001030825
870,1048576,1000,50,0.0001036735
880,1048576,1000,50,0.0001038078
890,1048576,1000,50,0.000102317
900,1048576,1000,50,0.00010301539999999999
910,1048576,1000,50,0.00010364539999999999
920,1048576,1000,50,0.0001036314
930,1048576,1000,50,0.0001025314
940,1048576,1000,50,0.0001026947
950,1048576,1000,50,0.00010307239999999999
960,1048576,1000,50,0.0001032608
970,1048576,1000,50,0.0001030484
980,1048576,1000,50,0.00010370360000000001
990,1048576,1000,50,0.0001030914
1000,1048576,1000,50,0.00010274580000000001
1010,1048576,1000,50,0.0001027739
1020,1048576,1000,50,0.0001029312
1030,1048576,1000,50,0.00010333389999999999
1040,1048576,1000,50,0.00010384589999999999
0,2097152,500,50,0.0002003079
10,2097152,500,50,0.00019940620000000002
20,2097152,500,50,0.0002006455
30,2097152,500,50,0.0002016895
40,2097152,500,50,0.0002008229
50,2097152,500,50,0.0001992971
60,2097152,500,50,0.00020214529999999998
70,2097152,500,50,0.0002016925
80,2097152,500,50,0.0002006135
90,2097152,500,50,0.0002011465
100,2097152,500,50,0.00020050120000000002
110,2097152,500,50,0.00020175570000000002
120,2097152,500,50,0.0001990015
130,2097152,500,50,0.00019913070000000002
140,2097152,500,50,0.0002022937
150,2097152,500,50,0.00019997329999999998
160,2097152,500,50,0.000199829
170,2097152,500,50,0.0002012768
180,2097152,500,50,0.0002006826
190,2097152,500,50,0.0001999352
200,2097152,500,50,0.00020056329999999998
210,2097152,500,50,0.00019941729999999999
220,2097152,500,50,0.0002005775
230,2097152,500,50,0.0001994784
240,2097152,500,50,0.0002014661
250,2097152,500,50,0.00020109539999999999
260,2097152,500,50,0.000199858
270,2097152,500,50,0.00020141510000000002
280,2097152,500,50,0.00020000029999999998
290,2097152,500,50,0.0001995194
300,2097152,500,50,0.0002025361
310,2097152,500,50,0.0002014901
320,2097152,500,50,0.0002007518
330,2097152,500,50,0.0002024319
340,2097152,500,50,0.0002001436
350,2097152,500,50,0.000202452
360,2097152,500,50,0.0002007418
370,2097152,500,50,0.0002030601
380,2097152,500,50,0.0001996477
390,2097152,500,50,0.0001995726
400,2097152,500,50,0.0002007488
410,2097152,500,50,0.0002005534
420,2097152,500,50,0.0002008529
430,2097152,500,50,0.0002000294
440,2097152,500,50,0.0001995866
450,2097152,500,50,0.000198734
460,2097152,500,50,0.000201927
470,2097152,500,50,0.0001993411
480,2097152,500,50,0.0002014792
490,2097152,500,50,0.000201407
500,2097152,500,50,0.00020095720000000002
510,2097152,500,50,0.0002021634
520,2097152,500,50,0.0001994764
530,2097152,500,50,0.0002011696
540,2097152,500,50,0.0001985205
0,4194304,500,50,0.000328203
10,4194304,500,50,0.0003290155
20,4194304,500,50,0.0003289804
30,4194304,500,50,0.00032995729999999997
40,4194304,500,50,0.0003280958
50,4194304,500,50,0.0003262863
60,4194304,500,50,0.00032597079999999997
70,4194304,500,50,0.00032793540000000004
80,4194304,500,50,0.00032663
90,4194304,500,50,0.0003292309
100,4194304,500,50,0.0003285106
110,4194304,500,50,0.0003278283
120,4194304,500,50,0.00032698659999999996
130,4194304,500,50,0.0003266961
140,4194304,500,50,0.00032679329999999997
150,4194304,500,50,0.0003274455
160,4194304,500,50,0.0003294593
170,4194304,500,50,0.000327719
180,4194304,500,50,0.0003268774
190,4194304,500,50,0.0003268224
200,4194304,500,50,0.0003288121
210,4194304,500,50,0.0003295374
220,4194304,500,50,0.0003272742
230,4194304,500,50,0.00032845540000000004
240,4194304,500,50,0.00032701670000000004
250,4194304,500,50,0.0003274676
260,4194304,500,50,0.00032602490000000004
270,4194304,500,50,0.00032772609999999995
280,4194304,500,50,0.0003254628
290,4194304,500,50,0.0003259257
300,4194304,500,50,0.0003274025
310,4194304,500,50,0.0003281499
320,4194304,500,50,0.0003260649
330,4194304,500,50,0.0003262713
340,4194304,500,50,0.0003285225
350,4194304,500,50,0.0003249058
360,4194304,500,50,0.00032753970000000003
370,4194304,500,50,0.000327213
380,4194304,500,50,0.0003286497
390,4194304,500,50,0.0003268805
400,4194304,500,50,0.0003279134
410,4194304,500,50,0.00032773409999999997
420,4194304,500,50,0.00032827809999999997
430,4194304,500,50,0.00032721709999999996
440,4194304,500,50,0.0003244419
450,4194304,500,50,0.0003283111
460,4194304,500,50,0.00032762590000000004
470,4194304,500,50,0.000326675
480,4194304,500,50,0.0003288031
490,4194304,500,50,0.0003290746
500,4194304,500,50,0.0003285857
510,4194304,500,50,0.0003265809
520,4194304,500,50,0.0003284154
530,4194304,500,50,0.000328228
540,4194304,500,50,0.0003347833
