# osu-lat-charm.py 1 4194304 1000 500 0 /home/zanef2/charm-mpi-compare +ppn 1 +pemap L0,4
Iteration Group,Message Size,Total Trials,Warmup Trials,Elapsed seconds
0,1,1000,50,2.2593e-06
10,1,1000,50,2.1902e-06
20,1,1000,50,2.121e-06
30,1,1000,50,2.145e-06
40,1,1000,50,2.1019e-06
50,1,1000,50,2.0238e-06
60,1,1000,50,1.8194e-06
70,1,1000,50,1.8284000000000001e-06
80,1,1000,50,1.8174000000000002e-06
90,1,1000,50,1.8525e-06
100,1,1000,50,1.7864000000000002e-06
110,1,1000,50,1.8314000000000002e-06
120,1,1000,50,1.8765e-06
130,1,1000,50,1.8204000000000002e-06
140,1,1000,50,1.8415e-06
150,1,1000,50,1.8284000000000001e-06
160,1,1000,50,1.8194e-06
170,1,1000,50,1.8284000000000001e-06
180,1,1000,50,1.8104e-06
190,1,1000,50,1.8275e-06
200,1,1000,50,1.8184e-06
210,1,1000,50,1.8144000000000002e-06
220,1,1000,50,1.8103e-06
230,1,1000,50,1.8424000000000001e-06
240,1,1000,50,1.9277e-06
250,1,1000,50,1.8264e-06
260,1,1000,50,1.8655e-06
270,1,1000,50,1.8294e-06
280,1,1000,50,2.3213e-06
290,1,1000,50,1.8064000000000002e-06
300,1,1000,50,1.8194e-06
310,1,1000,50,1.8305e-06
320,1,1000,50,1.8224000000000001e-06
330,1,1000,50,1.8274e-06
340,1,1000,50,1.8154e-06
350,1,1000,50,1.8304e-06
360,1,1000,50,1.8424000000000001e-06
370,1,1000,50,1.8304e-06
380,1,1000,50,1.8104e-06
390,1,1000,50,1.8244e-06
400,1,1000,50,1.8404e-06
410,1,1000,50,1.8314000000000002e-06
420,1,1000,50,1.8034000000000002e-06
430,1,1000,50,1.8154e-06
440,1,1000,50,1.8094e-06
450,1,1000,50,1.8244e-06
460,1,1000,50,1.8324e-06
470,1,1000,50,1.8164e-06
480,1,1000,50,1.8475e-06
490,1,1000,50,1.8215e-06
500,1,1000,50,1.8022999999999999e-06
510,1,1000,50,2.0377999999999998e-06
520,1,1000,50,1.8164e-06
530,1,1000,50,1.8254000000000001e-06
540,1,1000,50,1.8375e-06
550,1,1000,50,1.9206e-06
560,1,1000,50,1.8154e-06
570,1,1000,50,1.8284000000000001e-06
580,1,1000,50,1.8265e-06
590,1,1000,50,1.7962999999999999e-06
600,1,1000,50,1.8294e-06
610,1,1000,50,1.8254000000000001e-06
620,1,1000,50,1.8074e-06
630,1,1000,50,1.7914000000000001e-06
640,1,1000,50,1.8124e-06
650,1,1000,50,1.8064000000000002e-06
660,1,1000,50,1.8485e-06
670,1,1000,50,1.8335e-06
680,1,1000,50,1.8445e-06
690,1,1000,50,1.8105e-06
700,1,1000,50,1.8014e-06
710,1,1000,50,1.7874e-06
720,1,1000,50,1.8063e-06
730,1,1000,50,1.8294e-06
740,1,1000,50,1.8245e-06
750,1,1000,50,1.8234000000000002e-06
760,1,1000,50,1.7824e-06
770,1,1000,50,1.8255e-06
780,1,1000,50,1.8334e-06
790,1,1000,50,1.8305e-06
800,1,1000,50,1.8064000000000002e-06
810,1,1000,50,1.8194e-06
820,1,1000,50,2.3635e-06
830,1,1000,50,1.8114000000000001e-06
840,1,1000,50,1.8025e-06
850,1,1000,50,1.8354e-06
860,1,1000,50,1.7934e-06
870,1,1000,50,1.8045e-06
880,1,1000,50,1.7924000000000002e-06
890,1,1000,50,1.8034000000000002e-06
900,1,1000,50,1.8335e-06
910,1,1000,50,1.8044e-06
920,1,1000,50,1.8205e-06
930,1,1000,50,1.8154e-06
940,1,1000,50,1.8145e-06
950,1,1000,50,1.8164e-06
960,1,1000,50,1.8054000000000001e-06
970,1,1000,50,1.8244e-06
980,1,1000,50,1.8134e-06
990,1,1000,50,1.7984e-06
1000,1,1000,50,1.8384e-06
1010,1,1000,50,1.8484000000000002e-06
1020,1,1000,50,1.7992999999999999e-06
1030,1,1000,50,1.7873e-06
1040,1,1000,50,1.7904e-06
0,2,1000,50,1.8645e-06
10,2,1000,50,1.7844e-06
20,2,1000,50,1.8074e-06
30,2,1000,50,1.7943e-06
40,2,1000,50,1.7954e-06
50,2,1000,50,1.7954e-06
60,2,1000,50,1.7803e-06
70,2,1000,50,1.8094e-06
80,2,1000,50,1.7973e-06
90,2,1000,50,1.8034000000000002e-06
100,2,1000,50,1.7854e-06
110,2,1000,50,1.7822999999999999e-06
120,2,1000,50,1.8154e-06
130,2,1000,50,1.7974000000000001e-06
140,2,1000,50,1.8064000000000002e-06
150,2,1000,50,1.7943e-06
160,2,1000,50,1.7914000000000001e-06
170,2,1000,50,1.7643e-06
180,2,1000,50,1.8014e-06
190,2,1000,50,1.8184e-06
200,2,1000,50,1.8204000000000002e-06
210,2,1000,50,1.7783e-06
220,2,1000,50,1.8074e-06
230,2,1000,50,1.7793e-06
240,2,1000,50,1.8074e-06
250,2,1000,50,1.8454000000000002e-06
260,2,1000,50,1.7913e-06
270,2,1000,50,1.7983e-06
280,2,1000,50,1.7712999999999999e-06
290,2,1000,50,1.7703e-06
300,2,1000,50,1.7572999999999999e-06
310,2,1000,50,1.8003e-06
320,2,1000,50,1.7603e-06
330,2,1000,50,1.7783e-06
340,2,1000,50,1.7882999999999999e-06
350,2,1000,50,1.7804000000000001e-06
360,2,1000,50,1.8083e-06
370,2,1000,50,1.7894000000000002e-06
380,2,1000,50,1.7783e-06
390,2,1000,50,1.7623e-06
400,2,1000,50,1.7603e-06
410,2,1000,50,1.7834000000000002e-06
420,2,1000,50,1.7652999999999999e-06
430,2,1000,50,1.7784e-06
440,2,1000,50,1.7813e-06
450,2,1000,50,1.7682999999999999e-06
460,2,1000,50,1.8063e-06
470,2,1000,50,1.7914000000000001e-06
480,2,1000,50,1.7744000000000001e-06
490,2,1000,50,1.7742999999999999e-06
500,2,1000,50,1.7854e-06
510,2,1000,50,1.8294e-06
520,2,1000,50,1.7824e-06
530,2,1000,50,1.7903e-06
540,2,1000,50,1.8114000000000001e-06
550,2,1000,50,1.7884e-06
560,2,1000,50,1.8064000000000002e-06
570,2,1000,50,1.8074e-06
580,2,1000,50,1.7983e-06
590,2,1000,50,1.7894000000000002e-06
600,2,1000,50,1.7934e-06
610,2,1000,50,1.7903e-06
620,2,1000,50,1.7533e-06
630,2,1000,50,1.8154e-06
640,2,1000,50,1.8084000000000001e-06
650,2,1000,50,1.7503e-06
660,2,1000,50,1.8085e-06
670,2,1000,50,1.7992999999999999e-06
680,2,1000,50,1.7803e-06
690,2,1000,50,1.7984e-06
700,2,1000,50,1.7962999999999999e-06
710,2,1000,50,1.7844e-06
720,2,1000,50,1.8074e-06
730,2,1000,50,1.7852999999999999e-06
740,2,1000,50,1.7572999999999999e-06
750,2,1000,50,1.7763e-06
760,2,1000,50,1.7822999999999999e-06
770,2,1000,50,1.7742999999999999e-06
780,2,1000,50,1.8064000000000002e-06
790,2,1000,50,1.7864000000000002e-06
800,2,1000,50,1.7693e-06
810,2,1000,50,1.7822999999999999e-06
820,2,1000,50,1.7894000000000002e-06
830,2,1000,50,1.8174000000000002e-06
840,2,1000,50,1.7753e-06
850,2,1000,50,1.7893e-06
860,2,1000,50,1.7843e-06
870,2,1000,50,1.7613e-06
880,2,1000,50,1.7964e-06
890,2,1000,50,1.7712999999999999e-06
900,2,1000,50,1.7703e-06
910,2,1000,50,1.8004000000000002e-06
920,2,1000,50,1.7744000000000001e-06
930,2,1000,50,1.8484000000000002e-06
940,2,1000,50,1.7724000000000002e-06
950,2,1000,50,1.8054000000000001e-06
960,2,1000,50,1.7793e-06
970,2,1000,50,1.7803e-06
980,2,1000,50,1.8254000000000001e-06
990,2,1000,50,1.7822999999999999e-06
1000,2,1000,50,1.7863e-06
1010,2,1000,50,1.7654e-06
1020,2,1000,50,1.7822999999999999e-06
1030,2,1000,50,1.7854e-06
1040,2,1000,50,1.7773e-06
0,4,1000,50,1.7903e-06
10,4,1000,50,1.7682999999999999e-06
20,4,1000,50,1.8354e-06
30,4,1000,50,1.7503e-06
40,4,1000,50,1.8044e-06
50,4,1000,50,1.7793e-06
60,4,1000,50,1.7914000000000001e-06
70,4,1000,50,1.7803e-06
80,4,1000,50,1.7712999999999999e-06
90,4,1000,50,1.7984e-06
100,4,1000,50,1.7773e-06
110,4,1000,50,1.7974000000000001e-06
120,4,1000,50,1.7822999999999999e-06
130,4,1000,50,1.7994e-06
140,4,1000,50,1.7964e-06
150,4,1000,50,1.7644e-06
160,4,1000,50,1.7704e-06
170,4,1000,50,1.8204000000000002e-06
180,4,1000,50,1.7964e-06
190,4,1000,50,1.7854e-06
200,4,1000,50,1.7904e-06
210,4,1000,50,1.7852999999999999e-06
220,4,1000,50,1.7682999999999999e-06
230,4,1000,50,1.7643e-06
240,4,1000,50,1.7844e-06
250,4,1000,50,1.8374000000000002e-06
260,4,1000,50,1.7983e-06
270,4,1000,50,1.8054000000000001e-06
280,4,1000,50,1.7873e-06
290,4,1000,50,1.8425e-06
300,4,1000,50,1.8014e-06
310,4,1000,50,1.7723e-06
320,4,1000,50,1.8054000000000001e-06
330,4,1000,50,1.7814e-06
340,4,1000,50,1.7803e-06
350,4,1000,50,2.2200999999999997e-06
360,4,1000,50,1.7613e-06
370,4,1000,50,1.9887e-06
380,4,1000,50,1.7923e-06
390,4,1000,50,1.7914000000000001e-06
400,4,1000,50,1.7803e-06
410,4,1000,50,1.7864000000000002e-06
420,4,1000,50,1.7843e-06
430,4,1000,50,1.7473e-06
440,4,1000,50,1.8534000000000001e-06
450,4,1000,50,1.7754000000000002e-06
460,4,1000,50,2.2111e-06
470,4,1000,50,1.7814e-06
480,4,1000,50,1.7854e-06
490,4,1000,50,1.7904e-06
500,4,1000,50,1.7723e-06
510,4,1000,50,1.7893e-06
520,4,1000,50,1.7852999999999999e-06
530,4,1000,50,1.7583e-06
540,4,1000,50,1.7603e-06
550,4,1000,50,1.7833e-06
560,4,1000,50,1.8064000000000002e-06
570,4,1000,50,2.2532e-06
580,4,1000,50,1.7753e-06
590,4,1000,50,1.7904e-06
600,4,1000,50,1.7712999999999999e-06
610,4,1000,50,1.8154e-06
620,4,1000,50,1.7914000000000001e-06
630,4,1000,50,1.7864000000000002e-06
640,4,1000,50,1.7944000000000001e-06
650,4,1000,50,1.7914000000000001e-06
660,4,1000,50,1.8214e-06
670,4,1000,50,1.7803e-06
680,4,1000,50,1.7643e-06
690,4,1000,50,1.7852999999999999e-06
700,4,1000,50,1.8033e-06
710,4,1000,50,1.8024e-06
720,4,1000,50,1.7633e-06
730,4,1000,50,1.7854e-06
740,4,1000,50,1.7834000000000002e-06
750,4,1000,50,1.7682999999999999e-06
760,4,1000,50,1.7813e-06
770,4,1000,50,1.7863e-06
780,4,1000,50,1.7774000000000001e-06
790,4,1000,50,1.7824e-06
800,4,1000,50,1.7733e-06
810,4,1000,50,1.7652999999999999e-06
820,4,1000,50,1.7682999999999999e-06
830,4,1000,50,1.7783e-06
840,4,1000,50,1.7904e-06
850,4,1000,50,1.7814e-06
860,4,1000,50,1.7874e-06
870,4,1000,50,1.7583e-06
880,4,1000,50,1.7774000000000001e-06
890,4,1000,50,1.7984e-06
900,4,1000,50,1.7604000000000001e-06
910,4,1000,50,1.7814e-06
920,4,1000,50,1.7964e-06
930,4,1000,50,1.7924000000000002e-06
940,4,1000,50,1.7884e-06
950,4,1000,50,1.7753e-06
960,4,1000,50,1.7834000000000002e-06
970,4,1000,50,1.7742999999999999e-06
980,4,1000,50,1.8305e-06
990,4,1000,50,1.7882999999999999e-06
1000,4,1000,50,1.7944000000000001e-06
1010,4,1000,50,1.8084000000000001e-06
1020,4,1000,50,1.7904e-06
1030,4,1000,50,1.9928e-06
1040,4,1000,50,1.7773e-06
0,8,1000,50,1.7904e-06
10,8,1000,50,2.2642e-06
20,8,1000,50,1.8355e-06
30,8,1000,50,1.7822999999999999e-06
40,8,1000,50,1.7682999999999999e-06
50,8,1000,50,1.7822999999999999e-06
60,8,1000,50,1.7984e-06
70,8,1000,50,1.8444e-06
80,8,1000,50,1.7894000000000002e-06
90,8,1000,50,1.7753e-06
100,8,1000,50,1.7983e-06
110,8,1000,50,1.7673e-06
120,8,1000,50,2.2974000000000002e-06
130,8,1000,50,1.7744000000000001e-06
140,8,1000,50,1.9687e-06
150,8,1000,50,1.7563e-06
160,8,1000,50,1.7733e-06
170,8,1000,50,1.7874e-06
180,8,1000,50,1.8114000000000001e-06
190,8,1000,50,1.7764e-06
200,8,1000,50,1.7733e-06
210,8,1000,50,1.7733e-06
220,8,1000,50,1.7704e-06
230,8,1000,50,2.3114e-06
240,8,1000,50,1.8052999999999999e-06
250,8,1000,50,1.8295e-06
260,8,1000,50,1.7874e-06
270,8,1000,50,1.8144000000000002e-06
280,8,1000,50,1.7884e-06
290,8,1000,50,1.7783e-06
300,8,1000,50,1.7994e-06
310,8,1000,50,1.8054000000000001e-06
320,8,1000,50,1.7934e-06
330,8,1000,50,1.7814e-06
340,8,1000,50,2.3634e-06
350,8,1000,50,1.7933e-06
360,8,1000,50,1.7763e-06
370,8,1000,50,1.7633e-06
380,8,1000,50,1.7693e-06
390,8,1000,50,1.8425e-06
400,8,1000,50,1.7894000000000002e-06
410,8,1000,50,1.7822999999999999e-06
420,8,1000,50,1.7813e-06
430,8,1000,50,1.7994e-06
440,8,1000,50,1.8054000000000001e-06
450,8,1000,50,2.3514e-06
460,8,1000,50,1.8024e-06
470,8,1000,50,1.9707e-06
480,8,1000,50,1.7894000000000002e-06
490,8,1000,50,1.8094e-06
500,8,1000,50,1.7833e-06
510,8,1000,50,1.8034000000000002e-06
520,8,1000,50,1.7642e-06
530,8,1000,50,1.7813e-06
540,8,1000,50,1.7712999999999999e-06
550,8,1000,50,1.8004000000000002e-06
560,8,1000,50,1.9346e-06
570,8,1000,50,1.8074e-06
580,8,1000,50,1.7844e-06
590,8,1000,50,1.8114000000000001e-06
600,8,1000,50,1.7854e-06
610,8,1000,50,1.7723e-06
620,8,1000,50,1.7774000000000001e-06
630,8,1000,50,1.8014e-06
640,8,1000,50,1.7844e-06
650,8,1000,50,1.8084000000000001e-06
660,8,1000,50,1.8284000000000001e-06
670,8,1000,50,1.8795e-06
680,8,1000,50,1.7994e-06
690,8,1000,50,1.7934e-06
700,8,1000,50,1.7943e-06
710,8,1000,50,1.8254000000000001e-06
720,8,1000,50,1.8414e-06
730,8,1000,50,1.8024e-06
740,8,1000,50,1.7944000000000001e-06
750,8,1000,50,1.7994e-06
760,8,1000,50,1.7894000000000002e-06
770,8,1000,50,1.7994e-06
780,8,1000,50,1.8385e-06
790,8,1000,50,1.7924000000000002e-06
800,8,1000,50,1.7934e-06
810,8,1000,50,1.8114000000000001e-06
820,8,1000,50,1.7953e-06
830,8,1000,50,1.8034000000000002e-06
840,8,1000,50,1.7884e-06
850,8,1000,50,1.8184e-06
860,8,1000,50,1.8014e-06
870,8,1000,50,1.7882999999999999e-06
880,8,1000,50,1.7992999999999999e-06
890,8,1000,50,1.8765e-06
900,8,1000,50,1.7933e-06
910,8,1000,50,1.7934e-06
920,8,1000,50,1.7882999999999999e-06
930,8,1000,50,1.7753e-06
940,8,1000,50,1.7763e-06
950,8,1000,50,1.8024e-06
960,8,1000,50,1.8024e-06
970,8,1000,50,1.7773e-06
980,8,1000,50,1.8104e-06
990,8,1000,50,1.8184e-06
1000,8,1000,50,1.7914000000000001e-06
1010,8,1000,50,1.8104e-06
1020,8,1000,50,1.9987e-06
1030,8,1000,50,1.8234000000000002e-06
1040,8,1000,50,1.8134e-06
0,16,1000,50,1.7864000000000002e-06
10,16,1000,50,1.7673e-06
20,16,1000,50,1.8094e-06
30,16,1000,50,1.7814e-06
40,16,1000,50,1.7623e-06
50,16,1000,50,1.7843e-06
60,16,1000,50,1.7533e-06
70,16,1000,50,1.7682999999999999e-06
80,16,1000,50,1.7763e-06
90,16,1000,50,1.7703e-06
100,16,1000,50,1.7663e-06
110,16,1000,50,1.7864000000000002e-06
120,16,1000,50,1.7843e-06
130,16,1000,50,1.9657e-06
140,16,1000,50,1.8004000000000002e-06
150,16,1000,50,1.7682999999999999e-06
160,16,1000,50,1.7643e-06
170,16,1000,50,1.8164e-06
180,16,1000,50,1.7803e-06
190,16,1000,50,1.7822999999999999e-06
200,16,1000,50,1.7583e-06
210,16,1000,50,1.7954e-06
220,16,1000,50,1.7742999999999999e-06
230,16,1000,50,1.7903e-06
240,16,1000,50,1.7984e-06
250,16,1000,50,1.8195e-06
260,16,1000,50,1.7873e-06
270,16,1000,50,1.7913e-06
280,16,1000,50,1.7974000000000001e-06
290,16,1000,50,1.7663e-06
300,16,1000,50,1.7793e-06
310,16,1000,50,1.7822999999999999e-06
320,16,1000,50,1.7863e-06
330,16,1000,50,1.7893e-06
340,16,1000,50,1.7884e-06
350,16,1000,50,1.8033e-06
360,16,1000,50,1.7973e-06
370,16,1000,50,1.7863e-06
380,16,1000,50,1.7833e-06
390,16,1000,50,1.7803e-06
400,16,1000,50,1.7783e-06
410,16,1000,50,1.7734e-06
420,16,1000,50,1.7852999999999999e-06
430,16,1000,50,1.7813e-06
440,16,1000,50,1.8074e-06
450,16,1000,50,1.7723e-06
460,16,1000,50,1.8775e-06
470,16,1000,50,1.7834000000000002e-06
480,16,1000,50,1.7652999999999999e-06
490,16,1000,50,1.8165e-06
500,16,1000,50,1.7604000000000001e-06
510,16,1000,50,1.7724000000000002e-06
520,16,1000,50,1.7794e-06
530,16,1000,50,1.7874e-06
540,16,1000,50,1.7884e-06
550,16,1000,50,1.7572999999999999e-06
560,16,1000,50,1.7603e-06
570,16,1000,50,1.8564000000000001e-06
580,16,1000,50,1.7833e-06
590,16,1000,50,1.7623e-06
600,16,1000,50,1.7714e-06
610,16,1000,50,1.8024e-06
620,16,1000,50,1.7813e-06
630,16,1000,50,1.7803e-06
640,16,1000,50,1.8484000000000002e-06
650,16,1000,50,1.8084000000000001e-06
660,16,1000,50,1.8044e-06
670,16,1000,50,1.7783e-06
680,16,1000,50,1.7923e-06
690,16,1000,50,1.7844e-06
700,16,1000,50,1.7834000000000002e-06
710,16,1000,50,1.7633e-06
720,16,1000,50,1.7834000000000002e-06
730,16,1000,50,1.8044e-06
740,16,1000,50,1.8064000000000002e-06
750,16,1000,50,1.7923e-06
760,16,1000,50,1.8345e-06
770,16,1000,50,1.7863e-06
780,16,1000,50,1.9525999999999997e-06
790,16,1000,50,1.8024e-06
800,16,1000,50,1.8084000000000001e-06
810,16,1000,50,2.2853000000000004e-06
820,16,1000,50,1.8214e-06
830,16,1000,50,1.7944000000000001e-06
840,16,1000,50,1.7733e-06
850,16,1000,50,1.8204000000000002e-06
860,16,1000,50,1.7844e-06
870,16,1000,50,1.7994e-06
880,16,1000,50,1.8024e-06
890,16,1000,50,1.7863e-06
900,16,1000,50,1.7904e-06
910,16,1000,50,1.8054000000000001e-06
920,16,1000,50,1.9377e-06
930,16,1000,50,1.8064000000000002e-06
940,16,1000,50,1.8054000000000001e-06
950,16,1000,50,1.7742999999999999e-06
960,16,1000,50,1.7864000000000002e-06
970,16,1000,50,1.7852999999999999e-06
980,16,1000,50,1.7803e-06
990,16,1000,50,1.7974000000000001e-06
1000,16,1000,50,1.7994e-06
1010,16,1000,50,1.7834000000000002e-06
1020,16,1000,50,1.7763e-06
1030,16,1000,50,1.8886e-06
1040,16,1000,50,1.7974000000000001e-06
0,32,1000,50,1.8162999999999999e-06
10,32,1000,50,1.8074e-06
20,32,1000,50,1.7944000000000001e-06
30,32,1000,50,1.8034000000000002e-06
40,32,1000,50,1.8085e-06
50,32,1000,50,1.8965e-06
60,32,1000,50,1.7893e-06
70,32,1000,50,1.8214e-06
80,32,1000,50,2.2322e-06
90,32,1000,50,1.7793e-06
100,32,1000,50,1.8875e-06
110,32,1000,50,1.7864000000000002e-06
120,32,1000,50,1.7763e-06
130,32,1000,50,1.8194e-06
140,32,1000,50,1.8104e-06
150,32,1000,50,1.8034000000000002e-06
160,32,1000,50,1.7983e-06
170,32,1000,50,1.7974000000000001e-06
180,32,1000,50,1.7904e-06
190,32,1000,50,1.9536e-06
200,32,1000,50,1.8024e-06
210,32,1000,50,1.7863e-06
220,32,1000,50,1.8084000000000001e-06
230,32,1000,50,1.8314000000000002e-06
240,32,1000,50,1.7984e-06
250,32,1000,50,1.8244e-06
260,32,1000,50,1.8134e-06
270,32,1000,50,1.8254000000000001e-06
280,32,1000,50,1.7864000000000002e-06
290,32,1000,50,1.8164e-06
300,32,1000,50,1.8204000000000002e-06
310,32,1000,50,1.7884e-06
320,32,1000,50,1.8684000000000002e-06
330,32,1000,50,1.7742999999999999e-06
340,32,1000,50,1.8134e-06
350,32,1000,50,1.7953e-06
360,32,1000,50,1.7874e-06
370,32,1000,50,1.7864000000000002e-06
380,32,1000,50,1.8004000000000002e-06
390,32,1000,50,1.8084000000000001e-06
400,32,1000,50,1.7794e-06
410,32,1000,50,1.8245e-06
420,32,1000,50,1.8335e-06
430,32,1000,50,1.7863e-06
440,32,1000,50,1.7923e-06
450,32,1000,50,1.8054000000000001e-06
460,32,1000,50,1.8124e-06
470,32,1000,50,1.8325e-06
480,32,1000,50,1.7864000000000002e-06
490,32,1000,50,1.7793e-06
500,32,1000,50,1.8054000000000001e-06
510,32,1000,50,1.7814e-06
520,32,1000,50,1.8124e-06
530,32,1000,50,1.7954e-06
540,32,1000,50,1.8144000000000002e-06
550,32,1000,50,1.7934e-06
560,32,1000,50,1.7964e-06
570,32,1000,50,1.8034000000000002e-06
580,32,1000,50,1.8325e-06
590,32,1000,50,1.8044e-06
600,32,1000,50,1.7944000000000001e-06
610,32,1000,50,1.7924000000000002e-06
620,32,1000,50,1.7974000000000001e-06
630,32,1000,50,1.7884e-06
640,32,1000,50,1.8625e-06
650,32,1000,50,1.9908e-06
660,32,1000,50,1.8024e-06
670,32,1000,50,1.7873e-06
680,32,1000,50,2.2461999999999998e-06
690,32,1000,50,1.7994e-06
700,32,1000,50,1.8064000000000002e-06
710,32,1000,50,1.7773e-06
720,32,1000,50,1.7813e-06
730,32,1000,50,1.8074e-06
740,32,1000,50,1.8245e-06
750,32,1000,50,1.7843e-06
760,32,1000,50,1.8815e-06
770,32,1000,50,1.8204000000000002e-06
780,32,1000,50,1.7924000000000002e-06
790,32,1000,50,2.3585e-06
800,32,1000,50,1.7994e-06
810,32,1000,50,1.8054000000000001e-06
820,32,1000,50,1.8195e-06
830,32,1000,50,1.7843e-06
840,32,1000,50,1.7843e-06
850,32,1000,50,1.8083e-06
860,32,1000,50,1.8104e-06
870,32,1000,50,1.9295999999999997e-06
880,32,1000,50,1.8184e-06
890,32,1000,50,1.8124e-06
900,32,1000,50,1.8365e-06
910,32,1000,50,1.8064000000000002e-06
920,32,1000,50,1.8114000000000001e-06
930,32,1000,50,1.7994e-06
940,32,1000,50,1.7974000000000001e-06
950,32,1000,50,1.7994e-06
960,32,1000,50,1.7824e-06
970,32,1000,50,1.7954e-06
980,32,1000,50,1.7934e-06
990,32,1000,50,1.7944000000000001e-06
1000,32,1000,50,1.8114000000000001e-06
1010,32,1000,50,1.7984e-06
1020,32,1000,50,1.7864000000000002e-06
1030,32,1000,50,1.8154e-06
1040,32,1000,50,1.8054000000000001e-06
0,64,1000,50,1.8494e-06
10,64,1000,50,1.7984e-06
20,64,1000,50,1.7964e-06
30,64,1000,50,1.7873e-06
40,64,1000,50,1.7712999999999999e-06
50,64,1000,50,1.8185e-06
60,64,1000,50,1.7904e-06
70,64,1000,50,1.8044e-06
80,64,1000,50,1.7813e-06
90,64,1000,50,1.7964e-06
100,64,1000,50,1.7793e-06
110,64,1000,50,1.7874e-06
120,64,1000,50,1.7964e-06
130,64,1000,50,1.7874e-06
140,64,1000,50,1.7833e-06
150,64,1000,50,1.8154e-06
160,64,1000,50,1.7863e-06
170,64,1000,50,2.3524e-06
180,64,1000,50,1.7904e-06
190,64,1000,50,1.7893e-06
200,64,1000,50,1.8214e-06
210,64,1000,50,1.7754000000000002e-06
220,64,1000,50,1.7904e-06
230,64,1000,50,1.7873e-06
240,64,1000,50,1.7873e-06
250,64,1000,50,2.0328e-06
260,64,1000,50,1.7834000000000002e-06
270,64,1000,50,1.8165e-06
280,64,1000,50,1.8094e-06
290,64,1000,50,1.8064000000000002e-06
300,64,1000,50,1.8194e-06
310,64,1000,50,1.7914000000000001e-06
320,64,1000,50,1.8134e-06
330,64,1000,50,1.7994e-06
340,64,1000,50,1.7903e-06
350,64,1000,50,1.7964e-06
360,64,1000,50,1.8025e-06
370,64,1000,50,1.8515e-06
380,64,1000,50,1.7724000000000002e-06
390,64,1000,50,1.8094e-06
400,64,1000,50,1.7934e-06
410,64,1000,50,1.8014e-06
420,64,1000,50,1.7953e-06
430,64,1000,50,1.7873e-06
440,64,1000,50,1.8185e-06
450,64,1000,50,1.7973e-06
460,64,1000,50,1.7894000000000002e-06
470,64,1000,50,1.8274e-06
480,64,1000,50,1.8294e-06
490,64,1000,50,1.8295e-06
500,64,1000,50,1.7983e-06
510,64,1000,50,1.7924000000000002e-06
520,64,1000,50,1.8404e-06
530,64,1000,50,1.7964e-06
540,64,1000,50,1.8414e-06
550,64,1000,50,2.2181e-06
560,64,1000,50,1.7973e-06
570,64,1000,50,1.8284000000000001e-06
580,64,1000,50,1.8144000000000002e-06
590,64,1000,50,1.7974000000000001e-06
600,64,1000,50,1.7984e-06
610,64,1000,50,1.7954e-06
620,64,1000,50,1.8014e-06
630,64,1000,50,1.8044e-06
640,64,1000,50,1.8114000000000001e-06
650,64,1000,50,1.7924000000000002e-06
660,64,1000,50,1.8735e-06
670,64,1000,50,1.7733e-06
680,64,1000,50,1.7834000000000002e-06
690,64,1000,50,1.8294e-06
700,64,1000,50,1.8074e-06
710,64,1000,50,1.7974000000000001e-06
720,64,1000,50,1.8214e-06
730,64,1000,50,1.7864000000000002e-06
740,64,1000,50,2.0238e-06
750,64,1000,50,1.8034000000000002e-06
760,64,1000,50,1.8064000000000002e-06
770,64,1000,50,1.8074e-06
780,64,1000,50,1.7873e-06
790,64,1000,50,1.8074e-06
800,64,1000,50,1.8024e-06
810,64,1000,50,1.8195e-06
820,64,1000,50,1.7882999999999999e-06
830,64,1000,50,1.7814e-06
840,64,1000,50,1.9206e-06
850,64,1000,50,1.7763e-06
860,64,1000,50,1.8144000000000002e-06
870,64,1000,50,1.7884e-06
880,64,1000,50,1.8324e-06
890,64,1000,50,1.8094e-06
900,64,1000,50,1.8214e-06
910,64,1000,50,1.7992999999999999e-06
920,64,1000,50,1.8034000000000002e-06
930,64,1000,50,1.8094e-06
940,64,1000,50,1.8264e-06
950,64,1000,50,1.7913e-06
960,64,1000,50,1.9116e-06
970,64,1000,50,1.8145e-06
980,64,1000,50,1.7994e-06
990,64,1000,50,1.8234000000000002e-06
1000,64,1000,50,1.7974000000000001e-06
1010,64,1000,50,1.8315e-06
1020,64,1000,50,1.8295e-06
1030,64,1000,50,1.8145e-06
1040,64,1000,50,1.7873e-06
0,128,1000,50,1.7964e-06
10,128,1000,50,1.9857e-06
20,128,1000,50,1.7954e-06
30,128,1000,50,2.0048e-06
40,128,1000,50,1.8114000000000001e-06
50,128,1000,50,1.7923e-06
60,128,1000,50,1.7774000000000001e-06
70,128,1000,50,1.7923e-06
80,128,1000,50,1.7884e-06
90,128,1000,50,1.8024e-06
100,128,1000,50,1.8014e-06
110,128,1000,50,1.7834000000000002e-06
120,128,1000,50,1.8034000000000002e-06
130,128,1000,50,1.8154e-06
140,128,1000,50,1.7973e-06
150,128,1000,50,1.8224000000000001e-06
160,128,1000,50,1.7794e-06
170,128,1000,50,1.8014e-06
180,128,1000,50,1.7822999999999999e-06
190,128,1000,50,1.7913e-06
200,128,1000,50,1.7794e-06
210,128,1000,50,1.7673e-06
220,128,1000,50,1.7773e-06
230,128,1000,50,1.9355999999999997e-06
240,128,1000,50,1.7774000000000001e-06
250,128,1000,50,1.8314000000000002e-06
260,128,1000,50,1.8295e-06
270,128,1000,50,1.8194e-06
280,128,1000,50,1.7984e-06
290,128,1000,50,1.8174000000000002e-06
300,128,1000,50,1.8525e-06
310,128,1000,50,1.8145e-06
320,128,1000,50,1.7903e-06
330,128,1000,50,1.7864000000000002e-06
340,128,1000,50,1.8024e-06
350,128,1000,50,1.7984e-06
360,128,1000,50,1.7974000000000001e-06
370,128,1000,50,1.8054000000000001e-06
380,128,1000,50,1.8074e-06
390,128,1000,50,1.7984e-06
400,128,1000,50,1.8114000000000001e-06
410,128,1000,50,1.7914000000000001e-06
420,128,1000,50,2.2212e-06
430,128,1000,50,1.8014e-06
440,128,1000,50,1.7943e-06
450,128,1000,50,1.7904e-06
460,128,1000,50,1.7964e-06
470,128,1000,50,1.7814e-06
480,128,1000,50,1.8034000000000002e-06
490,128,1000,50,1.7964e-06
500,128,1000,50,1.8065e-06
510,128,1000,50,1.7992999999999999e-06
520,128,1000,50,1.7974000000000001e-06
530,128,1000,50,1.9525999999999997e-06
540,128,1000,50,1.8184e-06
550,128,1000,50,1.7954e-06
560,128,1000,50,1.9617e-06
570,128,1000,50,1.8224000000000001e-06
580,128,1000,50,1.7852999999999999e-06
590,128,1000,50,1.8114000000000001e-06
600,128,1000,50,1.8164e-06
610,128,1000,50,1.8094e-06
620,128,1000,50,1.8254000000000001e-06
630,128,1000,50,1.7984e-06
640,128,1000,50,1.8185e-06
650,128,1000,50,1.7803e-06
660,128,1000,50,1.8064000000000002e-06
670,128,1000,50,1.7934e-06
680,128,1000,50,1.7824e-06
690,128,1000,50,1.7974000000000001e-06
700,128,1000,50,1.8003e-06
710,128,1000,50,1.8034000000000002e-06
720,128,1000,50,1.7944000000000001e-06
730,128,1000,50,1.7874e-06
740,128,1000,50,1.8162999999999999e-06
750,128,1000,50,1.8154e-06
760,128,1000,50,1.8465e-06
770,128,1000,50,1.8004000000000002e-06
780,128,1000,50,1.7852999999999999e-06
790,128,1000,50,1.7984e-06
800,128,1000,50,1.8355e-06
810,128,1000,50,1.8154e-06
820,128,1000,50,1.7934e-06
830,128,1000,50,1.7783e-06
840,128,1000,50,1.7904e-06
850,128,1000,50,1.7904e-06
860,128,1000,50,1.8004000000000002e-06
870,128,1000,50,1.7734e-06
880,128,1000,50,1.8134e-06
890,128,1000,50,1.9938e-06
900,128,1000,50,1.7984e-06
910,128,1000,50,2.2501999999999996e-06
920,128,1000,50,1.7904e-06
930,128,1000,50,1.8014e-06
940,128,1000,50,2.0288e-06
950,128,1000,50,1.8074e-06
960,128,1000,50,1.7934e-06
970,128,1000,50,1.8054000000000001e-06
980,128,1000,50,1.8114000000000001e-06
990,128,1000,50,1.8154e-06
1000,128,1000,50,1.7803e-06
1010,128,1000,50,1.7913e-06
1020,128,1000,50,1.8294e-06
1030,128,1000,50,1.7974000000000001e-06
1040,128,1000,50,1.8034000000000002e-06
0,256,1000,50,1.8915999999999998e-06
10,256,1000,50,1.8004000000000002e-06
20,256,1000,50,1.7974000000000001e-06
30,256,1000,50,1.8144000000000002e-06
40,256,1000,50,1.9888e-06
50,256,1000,50,1.8034000000000002e-06
60,256,1000,50,1.8084000000000001e-06
70,256,1000,50,1.8144000000000002e-06
80,256,1000,50,1.8134e-06
90,256,1000,50,1.8244e-06
100,256,1000,50,1.8024e-06
110,256,1000,50,1.7914000000000001e-06
120,256,1000,50,2.2893000000000003e-06
130,256,1000,50,1.7944000000000001e-06
140,256,1000,50,1.7834000000000002e-06
150,256,1000,50,2.1781e-06
160,256,1000,50,1.7924000000000002e-06
170,256,1000,50,1.7983e-06
180,256,1000,50,1.8154e-06
190,256,1000,50,1.8014e-06
200,256,1000,50,2.2111e-06
210,256,1000,50,1.7994e-06
220,256,1000,50,1.7953e-06
230,256,1000,50,1.8244e-06
240,256,1000,50,1.7884e-06
250,256,1000,50,1.8625e-06
260,256,1000,50,1.8304e-06
270,256,1000,50,1.7783e-06
280,256,1000,50,1.8475e-06
290,256,1000,50,1.8175e-06
300,256,1000,50,1.7943e-06
310,256,1000,50,2.1761e-06
320,256,1000,50,1.7923e-06
330,256,1000,50,1.7944000000000001e-06
340,256,1000,50,1.7894000000000002e-06
350,256,1000,50,1.8174000000000002e-06
360,256,1000,50,2.2071e-06
370,256,1000,50,1.7994e-06
380,256,1000,50,1.7884e-06
390,256,1000,50,1.8052999999999999e-06
400,256,1000,50,1.8064000000000002e-06
410,256,1000,50,1.8013e-06
420,256,1000,50,1.8244e-06
430,256,1000,50,1.8435e-06
440,256,1000,50,1.7984e-06
450,256,1000,50,1.7944000000000001e-06
460,256,1000,50,1.7944000000000001e-06
470,256,1000,50,2.1971e-06
480,256,1000,50,1.8215e-06
490,256,1000,50,1.8895999999999999e-06
500,256,1000,50,1.7992999999999999e-06
510,256,1000,50,1.8154e-06
520,256,1000,50,2.4315999999999997e-06
530,256,1000,50,1.7964e-06
540,256,1000,50,1.8024e-06
550,256,1000,50,1.8144000000000002e-06
560,256,1000,50,1.8104e-06
570,256,1000,50,1.8044e-06
580,256,1000,50,1.9427e-06
590,256,1000,50,1.8154e-06
600,256,1000,50,1.8204000000000002e-06
610,256,1000,50,1.7864000000000002e-06
620,256,1000,50,1.8104e-06
630,256,1000,50,2.1870999999999998e-06
640,256,1000,50,1.8034000000000002e-06
650,256,1000,50,1.7933e-06
660,256,1000,50,1.7964e-06
670,256,1000,50,1.8214e-06
680,256,1000,50,2.1932e-06
690,256,1000,50,1.7944000000000001e-06
700,256,1000,50,1.8685e-06
710,256,1000,50,1.7873e-06
720,256,1000,50,1.8264e-06
730,256,1000,50,1.7794e-06
740,256,1000,50,1.8034000000000002e-06
750,256,1000,50,1.7964e-06
760,256,1000,50,1.8364000000000001e-06
770,256,1000,50,1.7943e-06
780,256,1000,50,1.9647e-06
790,256,1000,50,2.174e-06
800,256,1000,50,1.7844e-06
810,256,1000,50,1.7843e-06
820,256,1000,50,1.8154e-06
830,256,1000,50,1.7873e-06
840,256,1000,50,2.0118e-06
850,256,1000,50,1.8065e-06
860,256,1000,50,1.8675e-06
870,256,1000,50,1.8154e-06
880,256,1000,50,1.8154e-06
890,256,1000,50,1.8124e-06
900,256,1000,50,1.7924000000000002e-06
910,256,1000,50,1.7704e-06
920,256,1000,50,1.8124e-06
930,256,1000,50,1.7833e-06
940,256,1000,50,1.9377e-06
950,256,1000,50,2.182e-06
960,256,1000,50,1.8094e-06
970,256,1000,50,1.8154e-06
980,256,1000,50,1.8074e-06
990,256,1000,50,1.8194e-06
1000,256,1000,50,2.2001e-06
1010,256,1000,50,1.7994e-06
1020,256,1000,50,1.8214e-06
1030,256,1000,50,1.8084000000000001e-06
1040,256,1000,50,1.8805e-06
0,512,1000,50,1.8555e-06
10,512,1000,50,2.105e-06
20,512,1000,50,1.8485e-06
30,512,1000,50,1.8565e-06
40,512,1000,50,2.2602e-06
50,512,1000,50,1.8255e-06
60,512,1000,50,1.8395e-06
70,512,1000,50,1.8374000000000002e-06
80,512,1000,50,1.8185e-06
90,512,1000,50,1.8344000000000002e-06
100,512,1000,50,2.2001e-06
110,512,1000,50,1.8235e-06
120,512,1000,50,1.8574e-06
130,512,1000,50,1.8245e-06
140,512,1000,50,1.8034000000000002e-06
150,512,1000,50,1.8174000000000002e-06
160,512,1000,50,1.8454000000000002e-06
170,512,1000,50,1.8325e-06
180,512,1000,50,1.8554e-06
190,512,1000,50,1.8164e-06
200,512,1000,50,2.0067e-06
210,512,1000,50,2.0078e-06
220,512,1000,50,1.8124e-06
230,512,1000,50,1.8305e-06
240,512,1000,50,1.8624000000000002e-06
250,512,1000,50,1.8775999999999998e-06
260,512,1000,50,2.0338e-06
270,512,1000,50,1.8234000000000002e-06
280,512,1000,50,1.8365e-06
290,512,1000,50,1.7903e-06
300,512,1000,50,1.8374000000000002e-06
310,512,1000,50,1.9236e-06
320,512,1000,50,1.8114000000000001e-06
330,512,1000,50,1.8234000000000002e-06
340,512,1000,50,1.7933e-06
350,512,1000,50,1.8955e-06
360,512,1000,50,2.2712e-06
370,512,1000,50,2.0648e-06
380,512,1000,50,1.8064000000000002e-06
390,512,1000,50,1.8224000000000001e-06
400,512,1000,50,1.8014e-06
410,512,1000,50,1.8735e-06
420,512,1000,50,1.8244e-06
430,512,1000,50,1.8204000000000002e-06
440,512,1000,50,1.8324e-06
450,512,1000,50,1.8284000000000001e-06
460,512,1000,50,1.8024e-06
470,512,1000,50,1.8033e-06
480,512,1000,50,1.8525e-06
490,512,1000,50,2.3764000000000002e-06
500,512,1000,50,1.8785e-06
510,512,1000,50,1.8295e-06
520,512,1000,50,1.9787000000000002e-06
530,512,1000,50,1.8124e-06
540,512,1000,50,1.8123e-06
550,512,1000,50,1.8144000000000002e-06
560,512,1000,50,1.8215e-06
570,512,1000,50,1.9297e-06
580,512,1000,50,2.2111999999999997e-06
590,512,1000,50,1.8003e-06
600,512,1000,50,1.8394000000000001e-06
610,512,1000,50,1.8244e-06
620,512,1000,50,1.8305e-06
630,512,1000,50,1.8344000000000002e-06
640,512,1000,50,1.8344000000000002e-06
650,512,1000,50,1.9025e-06
660,512,1000,50,1.8344000000000002e-06
670,512,1000,50,1.8164e-06
680,512,1000,50,2.2142e-06
690,512,1000,50,1.8264e-06
700,512,1000,50,1.8675e-06
710,512,1000,50,1.8324e-06
720,512,1000,50,1.8314000000000002e-06
730,512,1000,50,2.1991e-06
740,512,1000,50,1.8123e-06
750,512,1000,50,1.8374000000000002e-06
760,512,1000,50,1.8234000000000002e-06
770,512,1000,50,1.7994e-06
780,512,1000,50,1.8124e-06
790,512,1000,50,1.8014e-06
800,512,1000,50,1.8254000000000001e-06
810,512,1000,50,1.8484000000000002e-06
820,512,1000,50,1.8143e-06
830,512,1000,50,1.8345e-06
840,512,1000,50,2.2242e-06
850,512,1000,50,1.8154e-06
860,512,1000,50,1.8114000000000001e-06
870,512,1000,50,1.8184e-06
880,512,1000,50,1.8144000000000002e-06
890,512,1000,50,1.8155e-06
900,512,1000,50,1.8375e-06
910,512,1000,50,1.8174000000000002e-06
920,512,1000,50,1.8304e-06
930,512,1000,50,1.8164e-06
940,512,1000,50,1.8635e-06
950,512,1000,50,1.8324e-06
960,512,1000,50,1.8265e-06
970,512,1000,50,1.8124e-06
980,512,1000,50,1.8194e-06
990,512,1000,50,1.8394000000000001e-06
1000,512,1000,50,1.8204000000000002e-06
1010,512,1000,50,1.8104e-06
1020,512,1000,50,1.8535e-06
1030,512,1000,50,1.8013e-06
1040,512,1000,50,1.8203e-06
0,1024,1000,50,1.9446e-06
10,1024,1000,50,1.8905e-06
20,1024,1000,50,1.9126e-06
30,1024,1000,50,1.9065999999999999e-06
40,1024,1000,50,1.8966e-06
50,1024,1000,50,2.0328e-06
60,1024,1000,50,1.8715e-06
70,1024,1000,50,1.9035999999999999e-06
80,1024,1000,50,1.8725e-06
90,1024,1000,50,1.8745e-06
100,1024,1000,50,1.9065999999999999e-06
110,1024,1000,50,1.8665e-06
120,1024,1000,50,1.8865e-06
130,1024,1000,50,1.9166e-06
140,1024,1000,50,1.9075999999999997e-06
150,1024,1000,50,1.9768e-06
160,1024,1000,50,1.8835999999999998e-06
170,1024,1000,50,2.3564e-06
180,1024,1000,50,1.8875e-06
190,1024,1000,50,1.8986e-06
200,1024,1000,50,1.8815e-06
210,1024,1000,50,1.8845e-06
220,1024,1000,50,1.9166e-06
230,1024,1000,50,1.8795e-06
240,1024,1000,50,1.8856e-06
250,1024,1000,50,1.9487e-06
260,1024,1000,50,1.9016e-06
270,1024,1000,50,2.0619e-06
280,1024,1000,50,2.0328e-06
290,1024,1000,50,1.8885e-06
300,1024,1000,50,1.8705e-06
310,1024,1000,50,1.8865e-06
320,1024,1000,50,1.8705e-06
330,1024,1000,50,1.8996e-06
340,1024,1000,50,1.9116e-06
350,1024,1000,50,1.8795e-06
360,1024,1000,50,1.8835e-06
370,1024,1000,50,1.8915e-06
380,1024,1000,50,1.8845e-06
390,1024,1000,50,1.8885e-06
400,1024,1000,50,1.8925e-06
410,1024,1000,50,1.8865999999999999e-06
420,1024,1000,50,1.8755e-06
430,1024,1000,50,1.8865999999999999e-06
440,1024,1000,50,1.9065999999999999e-06
450,1024,1000,50,1.8925999999999999e-06
460,1024,1000,50,2.113e-06
470,1024,1000,50,1.8975999999999998e-06
480,1024,1000,50,1.9456e-06
490,1024,1000,50,1.8876e-06
500,1024,1000,50,1.8955e-06
510,1024,1000,50,1.8895999999999999e-06
520,1024,1000,50,1.8966e-06
530,1024,1000,50,1.8765e-06
540,1024,1000,50,1.9245999999999998e-06
550,1024,1000,50,1.9026e-06
560,1024,1000,50,1.9196e-06
570,1024,1000,50,1.8665999999999998e-06
580,1024,1000,50,1.8975999999999998e-06
590,1024,1000,50,1.8845e-06
600,1024,1000,50,1.9095e-06
610,1024,1000,50,1.8966e-06
620,1024,1000,50,1.8876e-06
630,1024,1000,50,1.9075999999999997e-06
640,1024,1000,50,1.8945e-06
650,1024,1000,50,1.8915999999999998e-06
660,1024,1000,50,1.8945999999999998e-06
670,1024,1000,50,1.8835e-06
680,1024,1000,50,1.8925999999999999e-06
690,1024,1000,50,1.9206e-06
700,1024,1000,50,1.8945999999999998e-06
710,1024,1000,50,1.9005e-06
720,1024,1000,50,2.0268e-06
730,1024,1000,50,1.9046e-06
740,1024,1000,50,1.9276e-06
750,1024,1000,50,1.8564000000000001e-06
760,1024,1000,50,1.8895e-06
770,1024,1000,50,1.8875e-06
780,1024,1000,50,1.9086e-06
790,1024,1000,50,2.4045e-06
800,1024,1000,50,1.9085e-06
810,1024,1000,50,1.8875e-06
820,1024,1000,50,1.8856e-06
830,1024,1000,50,1.8936e-06
840,1024,1000,50,1.9166e-06
850,1024,1000,50,1.8915e-06
860,1024,1000,50,1.9156e-06
870,1024,1000,50,1.8725e-06
880,1024,1000,50,1.8936e-06
890,1024,1000,50,1.8745e-06
900,1024,1000,50,1.8876e-06
910,1024,1000,50,1.8765e-06
920,1024,1000,50,1.8845e-06
930,1024,1000,50,1.9046e-06
940,1024,1000,50,1.8905e-06
950,1024,1000,50,1.9085e-06
960,1024,1000,50,1.8845e-06
970,1024,1000,50,1.8895e-06
980,1024,1000,50,1.8895999999999999e-06
990,1024,1000,50,1.8886e-06
1000,1024,1000,50,1.8956e-06
1010,1024,1000,50,1.8765e-06
1020,1024,1000,50,1.8745e-06
1030,1024,1000,50,2.134e-06
1040,1024,1000,50,1.9236e-06
0,2048,1000,50,2.0278e-06
10,2048,1000,50,2.115e-06
20,2048,1000,50,2.0138e-06
30,2048,1000,50,2.1870999999999998e-06
40,2048,1000,50,2.629e-06
50,2048,1000,50,2.0147999999999998e-06
60,2048,1000,50,2.0649e-06
70,2048,1000,50,2.0338e-06
80,2048,1000,50,1.9998e-06
90,2048,1000,50,2.0509e-06
100,2048,1000,50,1.9947e-06
110,2048,1000,50,2.0108e-06
120,2048,1000,50,2.0037999999999998e-06
130,2048,1000,50,1.9787000000000002e-06
140,2048,1000,50,1.9977e-06
150,2048,1000,50,1.9977999999999997e-06
160,2048,1000,50,1.9907e-06
170,2048,1000,50,2.2352e-06
180,2048,1000,50,1.9887e-06
190,2048,1000,50,2.0198e-06
200,2048,1000,50,2.0839e-06
210,2048,1000,50,2.0027e-06
220,2048,1000,50,1.9787000000000002e-06
230,2048,1000,50,2.0098e-06
240,2048,1000,50,2.0317999999999998e-06
250,2048,1000,50,2.0007e-06
260,2048,1000,50,2.0258e-06
270,2048,1000,50,2.0118e-06
280,2048,1000,50,2.0088e-06
290,2048,1000,50,1.9817e-06
300,2048,1000,50,2.0207999999999998e-06
310,2048,1000,50,1.9957000000000002e-06
320,2048,1000,50,2.0889e-06
330,2048,1000,50,1.9768e-06
340,2048,1000,50,2.0238e-06
350,2048,1000,50,2.0449e-06
360,2048,1000,50,2.0248e-06
370,2048,1000,50,2.0519e-06
380,2048,1000,50,2.0258e-06
390,2048,1000,50,2.0308e-06
400,2048,1000,50,2.0058e-06
410,2048,1000,50,2.0087e-06
420,2048,1000,50,1.9667e-06
430,2048,1000,50,2.0518e-06
440,2048,1000,50,1.9857e-06
450,2048,1000,50,2.0268e-06
460,2048,1000,50,1.9717e-06
470,2048,1000,50,1.9717e-06
480,2048,1000,50,1.9556e-06
490,2048,1000,50,1.9707e-06
500,2048,1000,50,2.0338e-06
510,2048,1000,50,1.9808e-06
520,2048,1000,50,2.0238e-06
530,2048,1000,50,2.5058000000000002e-06
540,2048,1000,50,1.9867e-06
550,2048,1000,50,2.0198e-06
560,2048,1000,50,2.0168e-06
570,2048,1000,50,2.0058e-06
580,2048,1000,50,2.102e-06
590,2048,1000,50,1.9867999999999998e-06
600,2048,1000,50,2.0088e-06
610,2048,1000,50,2.0048e-06
620,2048,1000,50,1.9928e-06
630,2048,1000,50,2.0248e-06
640,2048,1000,50,1.9777e-06
650,2048,1000,50,1.9987e-06
660,2048,1000,50,2.0248e-06
670,2048,1000,50,2.0288e-06
680,2048,1000,50,2.0178e-06
690,2048,1000,50,2.0198e-06
700,2048,1000,50,2.0498000000000003e-06
710,2048,1000,50,2.2022e-06
720,2048,1000,50,2.0118e-06
730,2048,1000,50,2.0409000000000002e-06
740,2048,1000,50,1.9827e-06
750,2048,1000,50,2.0147999999999998e-06
760,2048,1000,50,2.0869000000000003e-06
770,2048,1000,50,1.9858e-06
780,2048,1000,50,1.9948e-06
790,2048,1000,50,1.9977999999999997e-06
800,2048,1000,50,1.9607e-06
810,2048,1000,50,2.0037999999999998e-06
820,2048,1000,50,2.0147e-06
830,2048,1000,50,1.9707e-06
840,2048,1000,50,1.9647e-06
850,2048,1000,50,2.0458e-06
860,2048,1000,50,2.0057e-06
870,2048,1000,50,1.9987e-06
880,2048,1000,50,1.9918e-06
890,2048,1000,50,1.9918e-06
900,2048,1000,50,1.9967e-06
910,2048,1000,50,1.9667e-06
920,2048,1000,50,1.9867e-06
930,2048,1000,50,1.9717e-06
940,2048,1000,50,1.9938e-06
950,2048,1000,50,1.9797e-06
960,2048,1000,50,2.0369e-06
970,2048,1000,50,1.9917e-06
980,2048,1000,50,2.0328e-06
990,2048,1000,50,2.0027e-06
1000,2048,1000,50,2.0037999999999998e-06
1010,2048,1000,50,2.0068e-06
1020,2048,1000,50,2.0058e-06
1030,2048,1000,50,2.0037e-06
1040,2048,1000,50,2.0218e-06
0,4096,1000,50,2.7772e-06
10,4096,1000,50,3.246e-06
20,4096,1000,50,2.4135e-06
30,4096,1000,50,2.4106e-06
40,4096,1000,50,2.4286e-06
50,4096,1000,50,3.3173e-06
60,4096,1000,50,2.2393000000000003e-06
70,4096,1000,50,2.1991e-06
80,4096,1000,50,2.2081e-06
90,4096,1000,50,2.2022e-06
100,4096,1000,50,2.2071e-06
110,4096,1000,50,2.2082e-06
120,4096,1000,50,2.16e-06
130,4096,1000,50,2.2241e-06
140,4096,1000,50,2.2571999999999998e-06
150,4096,1000,50,2.4866e-06
160,4096,1000,50,2.3063000000000003e-06
170,4096,1000,50,2.1901e-06
180,4096,1000,50,2.2030999999999997e-06
190,4096,1000,50,2.1941e-06
200,4096,1000,50,2.2111e-06
210,4096,1000,50,2.1920999999999997e-06
220,4096,1000,50,2.2011e-06
230,4096,1000,50,2.2111e-06
240,4096,1000,50,2.1980999999999998e-06
250,4096,1000,50,2.1951e-06
260,4096,1000,50,2.3735e-06
270,4096,1000,50,2.5308e-06
280,4096,1000,50,2.2212e-06
290,4096,1000,50,2.168e-06
300,4096,1000,50,2.2212e-06
310,4096,1000,50,2.2022e-06
320,4096,1000,50,2.1972e-06
330,4096,1000,50,2.2202e-06
340,4096,1000,50,2.2121e-06
350,4096,1000,50,2.1980999999999998e-06
360,4096,1000,50,2.1901e-06
370,4096,1000,50,2.1831e-06
380,4096,1000,50,2.2231e-06
390,4096,1000,50,2.2231999999999997e-06
400,4096,1000,50,2.2022e-06
410,4096,1000,50,2.1971e-06
420,4096,1000,50,2.1891e-06
430,4096,1000,50,2.2001e-06
440,4096,1000,50,2.2090999999999997e-06
450,4096,1000,50,2.3213e-06
460,4096,1000,50,2.1831999999999997e-06
470,4096,1000,50,2.2121999999999998e-06
480,4096,1000,50,2.3684e-06
490,4096,1000,50,2.2312e-06
500,4096,1000,50,2.2271999999999996e-06
510,4096,1000,50,2.2011e-06
520,4096,1000,50,2.2352e-06
530,4096,1000,50,2.2071e-06
540,4096,1000,50,2.2121e-06
550,4096,1000,50,2.2051e-06
560,4096,1000,50,2.2212e-06
570,4096,1000,50,2.2192e-06
580,4096,1000,50,2.1810999999999998e-06
590,4096,1000,50,2.2181999999999998e-06
600,4096,1000,50,2.2382e-06
610,4096,1000,50,2.2441999999999996e-06
620,4096,1000,50,2.2150999999999998e-06
630,4096,1000,50,2.2181999999999998e-06
640,4096,1000,50,2.2121999999999998e-06
650,4096,1000,50,2.1991e-06
660,4096,1000,50,2.4706e-06
670,4096,1000,50,2.2212e-06
680,4096,1000,50,2.2161e-06
690,4096,1000,50,2.2030999999999997e-06
700,4096,1000,50,2.1971e-06
710,4096,1000,50,2.2161e-06
720,4096,1000,50,2.1991e-06
730,4096,1000,50,2.2191e-06
740,4096,1000,50,2.1991e-06
750,4096,1000,50,2.1851e-06
760,4096,1000,50,2.7110999999999998e-06
770,4096,1000,50,2.4736e-06
780,4096,1000,50,2.5098e-06
790,4096,1000,50,2.4987e-06
800,4096,1000,50,2.1941e-06
810,4096,1000,50,2.2171e-06
820,4096,1000,50,2.2401999999999997e-06
830,4096,1000,50,2.1611e-06
840,4096,1000,50,2.2072e-06
850,4096,1000,50,2.2040999999999998e-06
860,4096,1000,50,2.1961e-06
870,4096,1000,50,2.2061999999999997e-06
880,4096,1000,50,2.6379e-06
890,4096,1000,50,2.2150999999999998e-06
900,4096,1000,50,2.1810999999999998e-06
910,4096,1000,50,2.2202e-06
920,4096,1000,50,2.665e-06
930,4096,1000,50,2.2152e-06
940,4096,1000,50,2.2293e-06
950,4096,1000,50,2.187e-06
960,4096,1000,50,2.2593e-06
970,4096,1000,50,2.2192e-06
980,4096,1000,50,2.2432e-06
990,4096,1000,50,2.2482e-06
1000,4096,1000,50,2.1951e-06
1010,4096,1000,50,2.4386e-06
1020,4096,1000,50,2.628e-06
1030,4096,1000,50,2.1791e-06
1040,4096,1000,50,2.2101999999999996e-06
0,8192,1000,50,3.4876e-06
10,8192,1000,50,3.3853e-06
20,8192,1000,50,3.2931999999999997e-06
30,8192,1000,50,3.2281e-06
40,8192,1000,50,3.3574000000000002e-06
50,8192,1000,50,3.1609e-06
60,8192,1000,50,3.1108000000000004e-06
70,8192,1000,50,3.0998000000000004e-06
80,8192,1000,50,2.9425e-06
90,8192,1000,50,2.9946e-06
100,8192,1000,50,2.9725e-06
110,8192,1000,50,2.9635e-06
120,8192,1000,50,2.9866e-06
130,8192,1000,50,3.5537e-06
140,8192,1000,50,2.9785999999999997e-06
150,8192,1000,50,3.0106e-06
160,8192,1000,50,3.0648000000000003e-06
170,8192,1000,50,2.8604e-06
180,8192,1000,50,2.7903e-06
190,8192,1000,50,2.7772e-06
200,8192,1000,50,2.7081e-06
210,8192,1000,50,2.7863000000000003e-06
220,8192,1000,50,2.7581999999999997e-06
230,8192,1000,50,3.3353e-06
240,8192,1000,50,2.7330999999999997e-06
250,8192,1000,50,2.8203000000000003e-06
260,8192,1000,50,3.3103000000000003e-06
270,8192,1000,50,2.7712e-06
280,8192,1000,50,2.7551e-06
290,8192,1000,50,2.7612e-06
300,8192,1000,50,2.7442e-06
310,8192,1000,50,2.7942e-06
320,8192,1000,50,2.7712e-06
330,8192,1000,50,3.3343e-06
340,8192,1000,50,2.7903e-06
350,8192,1000,50,2.7761e-06
360,8192,1000,50,3.2381e-06
370,8192,1000,50,2.8213e-06
380,8192,1000,50,2.7452e-06
390,8192,1000,50,2.8151999999999997e-06
400,8192,1000,50,2.7421999999999998e-06
410,8192,1000,50,2.7631999999999996e-06
420,8192,1000,50,2.7691999999999997e-06
430,8192,1000,50,2.9836e-06
440,8192,1000,50,2.7722e-06
450,8192,1000,50,2.7732e-06
460,8192,1000,50,2.7622e-06
470,8192,1000,50,2.7993e-06
480,8192,1000,50,2.7701999999999998e-06
490,8192,1000,50,2.7541e-06
500,8192,1000,50,2.7782e-06
510,8192,1000,50,2.8053e-06
520,8192,1000,50,2.8133000000000002e-06
530,8192,1000,50,2.7441e-06
540,8192,1000,50,2.7511e-06
550,8192,1000,50,2.7432e-06
560,8192,1000,50,2.7813000000000004e-06
570,8192,1000,50,2.7612e-06
580,8192,1000,50,2.7531999999999997e-06
590,8192,1000,50,2.7301e-06
600,8192,1000,50,2.7933e-06
610,8192,1000,50,3.241e-06
620,8192,1000,50,2.7491e-06
630,8192,1000,50,2.8313000000000003e-06
640,8192,1000,50,2.8103e-06
650,8192,1000,50,2.7610999999999997e-06
660,8192,1000,50,2.7492e-06
670,8192,1000,50,2.7751999999999997e-06
680,8192,1000,50,2.8613e-06
690,8192,1000,50,2.7411e-06
700,8192,1000,50,2.7301e-06
710,8192,1000,50,2.7722e-06
720,8192,1000,50,2.7761999999999998e-06
730,8192,1000,50,2.7863000000000003e-06
740,8192,1000,50,2.9055e-06
750,8192,1000,50,2.7863000000000003e-06
760,8192,1000,50,2.7361e-06
770,8192,1000,50,2.7571e-06
780,8192,1000,50,2.7851999999999996e-06
790,8192,1000,50,2.8123e-06
800,8192,1000,50,2.7071e-06
810,8192,1000,50,2.7382e-06
820,8192,1000,50,2.7753000000000003e-06
830,8192,1000,50,2.8072e-06
840,8192,1000,50,2.7441e-06
850,8192,1000,50,2.7241e-06
860,8192,1000,50,2.7641999999999997e-06
870,8192,1000,50,2.7701999999999998e-06
880,8192,1000,50,2.7551e-06
890,8192,1000,50,2.7492e-06
900,8192,1000,50,2.7971999999999997e-06
910,8192,1000,50,2.7421999999999998e-06
920,8192,1000,50,2.7612e-06
930,8192,1000,50,2.7512e-06
940,8192,1000,50,2.7351999999999997e-06
950,8192,1000,50,2.8143000000000003e-06
960,8192,1000,50,2.7672e-06
970,8192,1000,50,2.7301e-06
980,8192,1000,50,2.7801999999999997e-06
990,8192,1000,50,2.8603000000000004e-06
1000,8192,1000,50,2.7861999999999997e-06
1010,8192,1000,50,2.7682e-06
1020,8192,1000,50,2.7560999999999998e-06
1030,8192,1000,50,2.8073e-06
1040,8192,1000,50,2.7500999999999997e-06
0,16384,1000,50,4.0245999999999995e-06
10,16384,1000,50,3.8452e-06
20,16384,1000,50,4.0766999999999994e-06
30,16384,1000,50,4.0095e-06
40,16384,1000,50,4.0997e-06
50,16384,1000,50,4.1047e-06
60,16384,1000,50,3.4505e-06
70,16384,1000,50,3.4264e-06
80,16384,1000,50,3.4625e-06
90,16384,1000,50,3.5377e-06
100,16384,1000,50,3.4986e-06
110,16384,1000,50,3.4695e-06
120,16384,1000,50,3.4865e-06
130,16384,1000,50,3.5066e-06
140,16384,1000,50,3.5266e-06
150,16384,1000,50,3.4785e-06
160,16384,1000,50,3.4845e-06
170,16384,1000,50,3.4515e-06
180,16384,1000,50,3.4535e-06
190,16384,1000,50,3.5177e-06
200,16384,1000,50,3.4415e-06
210,16384,1000,50,3.4826e-06
220,16384,1000,50,3.4795e-06
230,16384,1000,50,3.4654e-06
240,16384,1000,50,3.4525e-06
250,16384,1000,50,3.4766e-06
260,16384,1000,50,3.4525e-06
270,16384,1000,50,3.4725e-06
280,16384,1000,50,3.5266e-06
290,16384,1000,50,3.5126e-06
300,16384,1000,50,3.4775e-06
310,16384,1000,50,3.4594000000000003e-06
320,16384,1000,50,3.4545e-06
330,16384,1000,50,3.5135999999999997e-06
340,16384,1000,50,3.4575e-06
350,16384,1000,50,3.5145999999999998e-06
360,16384,1000,50,3.5697e-06
370,16384,1000,50,3.5206e-06
380,16384,1000,50,3.4555e-06
390,16384,1000,50,3.5096e-06
400,16384,1000,50,3.5326e-06
410,16384,1000,50,3.5186e-06
420,16384,1000,50,3.4535e-06
430,16384,1000,50,3.4614e-06
440,16384,1000,50,3.5577e-06
450,16384,1000,50,3.5195999999999997e-06
460,16384,1000,50,3.4454e-06
470,16384,1000,50,3.5096999999999996e-06
480,16384,1000,50,3.4726e-06
490,16384,1000,50,3.4915999999999997e-06
500,16384,1000,50,3.4345e-06
510,16384,1000,50,3.4424000000000003e-06
520,16384,1000,50,3.4925e-06
530,16384,1000,50,3.5296e-06
540,16384,1000,50,3.4775e-06
550,16384,1000,50,3.4756e-06
560,16384,1000,50,3.5035e-06
570,16384,1000,50,3.4876e-06
580,16384,1000,50,3.4855e-06
590,16384,1000,50,3.4405e-06
600,16384,1000,50,3.5036e-06
610,16384,1000,50,3.4986e-06
620,16384,1000,50,3.4955e-06
630,16384,1000,50,3.4324e-06
640,16384,1000,50,3.4825e-06
650,16384,1000,50,3.4515e-06
660,16384,1000,50,3.4906e-06
670,16384,1000,50,3.4816e-06
680,16384,1000,50,3.4464e-06
690,16384,1000,50,3.4876e-06
700,16384,1000,50,3.4595e-06
710,16384,1000,50,3.4846e-06
720,16384,1000,50,3.4936e-06
730,16384,1000,50,3.5186e-06
740,16384,1000,50,3.5315999999999998e-06
750,16384,1000,50,3.4886e-06
760,16384,1000,50,3.4675e-06
770,16384,1000,50,3.5016e-06
780,16384,1000,50,3.4795e-06
790,16384,1000,50,3.4876e-06
800,16384,1000,50,3.4434e-06
810,16384,1000,50,3.4444e-06
820,16384,1000,50,3.4895e-06
830,16384,1000,50,3.4335e-06
840,16384,1000,50,3.4674e-06
850,16384,1000,50,3.5417e-06
860,16384,1000,50,3.4615e-06
870,16384,1000,50,3.4705e-06
880,16384,1000,50,3.5135999999999997e-06
890,16384,1000,50,3.4695999999999998e-06
900,16384,1000,50,3.4585e-06
910,16384,1000,50,3.4194000000000002e-06
920,16384,1000,50,3.4835e-06
930,16384,1000,50,3.5206e-06
940,16384,1000,50,3.4675e-06
950,16384,1000,50,3.4564e-06
960,16384,1000,50,3.4564e-06
970,16384,1000,50,3.4846e-06
980,16384,1000,50,3.4595e-06
990,16384,1000,50,3.4705e-06
1000,16384,1000,50,3.5176e-06
1010,16384,1000,50,3.4965e-06
1020,16384,1000,50,3.3934e-06
1030,16384,1000,50,3.4745e-06
1040,16384,1000,50,3.4765e-06
0,32768,1000,50,4.749e-06
10,32768,1000,50,4.6919e-06
20,32768,1000,50,4.7259e-06
30,32768,1000,50,4.6567e-06
40,32768,1000,50,5.100600000000001e-06
50,32768,1000,50,4.686800000000001e-06
60,32768,1000,50,4.8331e-06
70,32768,1000,50,4.6347e-06
80,32768,1000,50,4.705899999999999e-06
90,32768,1000,50,4.6317e-06
100,32768,1000,50,4.6737e-06
110,32768,1000,50,5.782899999999999e-06
120,32768,1000,50,4.6908e-06
130,32768,1000,50,4.742e-06
140,32768,1000,50,4.6646999999999996e-06
150,32768,1000,50,4.6197e-06
160,32768,1000,50,4.6798000000000005e-06
170,32768,1000,50,4.6297e-06
180,32768,1000,50,4.6648e-06
190,32768,1000,50,4.6488e-06
200,32768,1000,50,4.734899999999999e-06
210,32768,1000,50,4.7028999999999995e-06
220,32768,1000,50,4.6257e-06
230,32768,1000,50,4.669800000000001e-06
240,32768,1000,50,4.772e-06
250,32768,1000,50,4.7358000000000005e-06
260,32768,1000,50,4.710899999999999e-06
270,32768,1000,50,4.6938e-06
280,32768,1000,50,4.7008e-06
290,32768,1000,50,4.6207e-06
300,32768,1000,50,4.6848000000000004e-06
310,32768,1000,50,4.6888e-06
320,32768,1000,50,4.6989e-06
330,32768,1000,50,4.7098e-06
340,32768,1000,50,4.6688e-06
350,32768,1000,50,4.6738e-06
360,32768,1000,50,4.6468e-06
370,32768,1000,50,4.6347e-06
380,32768,1000,50,4.6608e-06
390,32768,1000,50,4.6748000000000005e-06
400,32768,1000,50,4.6898e-06
410,32768,1000,50,4.6257e-06
420,32768,1000,50,4.6548e-06
430,32768,1000,50,4.6127e-06
440,32768,1000,50,4.6969e-06
450,32768,1000,50,4.6648e-06
460,32768,1000,50,4.5746e-06
470,32768,1000,50,4.6628000000000005e-06
480,32768,1000,50,4.7039e-06
490,32768,1000,50,4.6807e-06
500,32768,1000,50,4.6227e-06
510,32768,1000,50,4.6678000000000004e-06
520,32768,1000,50,4.7048e-06
530,32768,1000,50,4.6167e-06
540,32768,1000,50,4.6517e-06
550,32768,1000,50,5.0695e-06
560,32768,1000,50,4.7749e-06
570,32768,1000,50,4.602600000000001e-06
580,32768,1000,50,4.6998e-06
590,32768,1000,50,4.6257e-06
600,32768,1000,50,4.6136999999999996e-06
610,32768,1000,50,4.6568e-06
620,32768,1000,50,4.9933999999999995e-06
630,32768,1000,50,4.6557e-06
640,32768,1000,50,4.7758999999999995e-06
650,32768,1000,50,4.6518e-06
660,32768,1000,50,4.6557e-06
670,32768,1000,50,4.6037e-06
680,32768,1000,50,4.5966999999999995e-06
690,32768,1000,50,5.2048000000000005e-06
700,32768,1000,50,4.6186e-06
710,32768,1000,50,4.7338e-06
720,32768,1000,50,4.751899999999999e-06
730,32768,1000,50,4.7439e-06
740,32768,1000,50,4.6247e-06
750,32768,1000,50,4.6828e-06
760,32768,1000,50,5.2178e-06
770,32768,1000,50,4.602600000000001e-06
780,32768,1000,50,4.6928e-06
790,32768,1000,50,4.6497e-06
800,32768,1000,50,4.6167e-06
810,32768,1000,50,4.6638e-06
820,32768,1000,50,4.5646e-06
830,32768,1000,50,5.1416e-06
840,32768,1000,50,4.6668e-06
850,32768,1000,50,4.6598e-06
860,32768,1000,50,4.6227e-06
870,32768,1000,50,4.6476999999999996e-06
880,32768,1000,50,4.7118e-06
890,32768,1000,50,4.6727e-06
900,32768,1000,50,4.7159e-06
910,32768,1000,50,4.6147e-06
920,32768,1000,50,4.772e-06
930,32768,1000,50,4.6097e-06
940,32768,1000,50,4.6687e-06
950,32768,1000,50,4.6227e-06
960,32768,1000,50,4.604600000000001e-06
970,32768,1000,50,4.6728e-06
980,32768,1000,50,4.6437e-06
990,32768,1000,50,4.722899999999999e-06
1000,32768,1000,50,4.6397e-06
1010,32768,1000,50,4.5776e-06
1020,32768,1000,50,4.6177e-06
1030,32768,1000,50,4.6487e-06
1040,32768,1000,50,4.7479e-06
0,65536,1000,50,6.0273e-06
10,65536,1000,50,5.9852e-06
20,65536,1000,50,5.829e-06
30,65536,1000,50,6.4401e-06
40,65536,1000,50,5.9442e-06
50,65536,1000,50,5.804899999999999e-06
60,65536,1000,50,5.8399e-06
70,65536,1000,50,5.9221000000000004e-06
80,65536,1000,50,7.109399999999999e-06
90,65536,1000,50,5.9802e-06
100,65536,1000,50,5.9442e-06
110,65536,1000,50,5.9632e-06
120,65536,1000,50,5.854e-06
130,65536,1000,50,6.4691000000000005e-06
140,65536,1000,50,5.9712e-06
150,65536,1000,50,5.9341000000000005e-06
160,65536,1000,50,5.9903e-06
170,65536,1000,50,5.7548e-06
180,65536,1000,50,6.436e-06
190,65536,1000,50,5.936100000000001e-06
200,65536,1000,50,5.864e-06
210,65536,1000,50,5.887100000000001e-06
220,65536,1000,50,5.906e-06
230,65536,1000,50,5.881e-06
240,65536,1000,50,5.9031e-06
250,65536,1000,50,5.9943e-06
260,65536,1000,50,5.8891e-06
270,65536,1000,50,5.85e-06
280,65536,1000,50,5.873e-06
290,65536,1000,50,5.9341000000000005e-06
300,65536,1000,50,5.9682e-06
310,65536,1000,50,5.9762e-06
320,65536,1000,50,5.88e-06
330,65536,1000,50,5.881e-06
340,65536,1000,50,5.895e-06
350,65536,1000,50,5.89e-06
360,65536,1000,50,5.865e-06
370,65536,1000,50,5.845e-06
380,65536,1000,50,5.851e-06
390,65536,1000,50,5.9382e-06
400,65536,1000,50,5.9592e-06
410,65536,1000,50,5.9882e-06
420,65536,1000,50,5.8088999999999996e-06
430,65536,1000,50,5.8159e-06
440,65536,1000,50,5.881e-06
450,65536,1000,50,5.9652e-06
460,65536,1000,50,5.9031e-06
470,65536,1000,50,5.821899999999999e-06
480,65536,1000,50,5.7658e-06
490,65536,1000,50,5.904100000000001e-06
500,65536,1000,50,5.9482e-06
510,65536,1000,50,5.92e-06
520,65536,1000,50,5.845e-06
530,65536,1000,50,5.8018999999999995e-06
540,65536,1000,50,5.901e-06
550,65536,1000,50,6.0353000000000005e-06
560,65536,1000,50,5.9893e-06
570,65536,1000,50,5.7296999999999995e-06
580,65536,1000,50,5.7859e-06
590,65536,1000,50,5.9251e-06
600,65536,1000,50,6.3799e-06
610,65536,1000,50,5.9532e-06
620,65536,1000,50,5.9131e-06
630,65536,1000,50,5.8199e-06
640,65536,1000,50,5.9852e-06
650,65536,1000,50,6.324899999999999e-06
660,65536,1000,50,5.8831000000000005e-06
670,65536,1000,50,5.902100000000001e-06
680,65536,1000,50,5.8179e-06
690,65536,1000,50,5.9341000000000005e-06
700,65536,1000,50,6.4691000000000005e-06
710,65536,1000,50,5.879e-06
720,65536,1000,50,5.9111e-06
730,65536,1000,50,5.832e-06
740,65536,1000,50,5.8428999999999996e-06
750,65536,1000,50,5.9381e-06
760,65536,1000,50,5.8811e-06
770,65536,1000,50,5.8841e-06
780,65536,1000,50,5.828e-06
790,65536,1000,50,5.889e-06
800,65536,1000,50,5.9262e-06
810,65536,1000,50,5.9562e-06
820,65536,1000,50,5.846e-06
830,65536,1000,50,5.7778e-06
840,65536,1000,50,5.839e-06
850,65536,1000,50,5.877e-06
860,65536,1000,50,5.9291000000000005e-06
870,65536,1000,50,5.9271e-06
880,65536,1000,50,5.7878e-06
890,65536,1000,50,5.8941e-06
900,65536,1000,50,5.858e-06
910,65536,1000,50,5.851e-06
920,65536,1000,50,5.9422e-06
930,65536,1000,50,5.848e-06
940,65536,1000,50,5.958100000000001e-06
950,65536,1000,50,5.876e-06
960,65536,1000,50,5.9832e-06
970,65536,1000,50,5.9251e-06
980,65536,1000,50,5.7027e-06
990,65536,1000,50,5.9643e-06
1000,65536,1000,50,5.854e-06
1010,65536,1000,50,5.9242e-06
1020,65536,1000,50,6.2667e-06
1030,65536,1000,50,5.8109e-06
1040,65536,1000,50,5.901e-06
0,131072,1000,50,1.02963e-05
10,131072,1000,50,1.03645e-05
20,131072,1000,50,1.0221200000000001e-05
30,131072,1000,50,1.0211200000000001e-05
40,131072,1000,50,9.992799999999999e-06
50,131072,1000,50,1.02011e-05
60,131072,1000,50,1.0304299999999999e-05
70,131072,1000,50,1.0149e-05
80,131072,1000,50,1.03635e-05
90,131072,1000,50,1.03775e-05
100,131072,1000,50,1.0774200000000001e-05
110,131072,1000,50,1.00228e-05
120,131072,1000,50,1.0280299999999999e-05
130,131072,1000,50,1.02732e-05
140,131072,1000,50,1.01671e-05
150,131072,1000,50,1.01912e-05
160,131072,1000,50,1.0152e-05
170,131072,1000,50,1.0300399999999999e-05
180,131072,1000,50,1.0176200000000001e-05
190,131072,1000,50,1.01821e-05
200,131072,1000,50,1.06911e-05
210,131072,1000,50,1.0147e-05
220,131072,1000,50,1.01621e-05
230,131072,1000,50,1.02202e-05
240,131072,1000,50,1.01451e-05
250,131072,1000,50,1.03034e-05
260,131072,1000,50,1.02151e-05
270,131072,1000,50,1.0084899999999999e-05
280,131072,1000,50,1.0251200000000001e-05
290,131072,1000,50,1.0109e-05
300,131072,1000,50,1.07141e-05
310,131072,1000,50,1.0060899999999999e-05
320,131072,1000,50,1.02302e-05
330,131072,1000,50,1.03163e-05
340,131072,1000,50,1.01571e-05
350,131072,1000,50,1.0207200000000001e-05
360,131072,1000,50,1.0211200000000001e-05
370,131072,1000,50,1.0207200000000001e-05
380,131072,1000,50,1.02121e-05
390,131072,1000,50,1.03615e-05
400,131072,1000,50,1.04767e-05
410,131072,1000,50,1.06039e-05
420,131072,1000,50,1.01981e-05
430,131072,1000,50,1.0241200000000001e-05
440,131072,1000,50,1.00639e-05
450,131072,1000,50,1.02473e-05
460,131072,1000,50,1.0244200000000001e-05
470,131072,1000,50,1.01951e-05
480,131072,1000,50,1.02864e-05
490,131072,1000,50,1.02301e-05
500,131072,1000,50,1.03374e-05
510,131072,1000,50,1.0517700000000001e-05
520,131072,1000,50,1.02373e-05
530,131072,1000,50,1.01821e-05
540,131072,1000,50,1.02232e-05
550,131072,1000,50,1.01671e-05
560,131072,1000,50,1.0234200000000001e-05
570,131072,1000,50,1.0165e-05
580,131072,1000,50,1.0173100000000001e-05
590,131072,1000,50,1.0112e-05
600,131072,1000,50,1.02642e-05
610,131072,1000,50,1.07942e-05
620,131072,1000,50,1.0224200000000001e-05
630,131072,1000,50,1.01911e-05
640,131072,1000,50,9.9848e-06
650,131072,1000,50,1.0321399999999999e-05
660,131072,1000,50,1.01761e-05
670,131072,1000,50,1.02863e-05
680,131072,1000,50,1.02693e-05
690,131072,1000,50,1.01821e-05
700,131072,1000,50,1.0226299999999999e-05
710,131072,1000,50,1.05428e-05
720,131072,1000,50,1.01921e-05
730,131072,1000,50,1.02813e-05
740,131072,1000,50,1.00018e-05
750,131072,1000,50,1.02953e-05
760,131072,1000,50,1.03124e-05
770,131072,1000,50,1.0107e-05
780,131072,1000,50,1.02994e-05
790,131072,1000,50,1.0236299999999999e-05
800,131072,1000,50,1.0338399999999999e-05
810,131072,1000,50,1.0747200000000001e-05
820,131072,1000,50,1.0283299999999999e-05
830,131072,1000,50,1.02813e-05
840,131072,1000,50,9.997700000000001e-06
850,131072,1000,50,1.02302e-05
860,131072,1000,50,1.01921e-05
870,131072,1000,50,1.03725e-05
880,131072,1000,50,1.0267299999999999e-05
890,131072,1000,50,1.02081e-05
900,131072,1000,50,1.0259299999999998e-05
910,131072,1000,50,1.06469e-05
920,131072,1000,50,1.02473e-05
930,131072,1000,50,1.02181e-05
940,131072,1000,50,9.9988e-06
950,131072,1000,50,1.01911e-05
960,131072,1000,50,1.0121e-05
970,131072,1000,50,1.02683e-05
980,131072,1000,50,1.01711e-05
990,131072,1000,50,1.0121e-05
1000,131072,1000,50,1.0334399999999999e-05
1010,131072,1000,50,1.05308e-05
1020,131072,1000,50,1.01851e-05
1030,131072,1000,50,1.02492e-05
1040,131072,1000,50,1.04015e-05
0,262144,1000,50,1.79376e-05
10,262144,1000,50,1.80338e-05
20,262144,1000,50,1.76381e-05
30,262144,1000,50,1.7778400000000002e-05
40,262144,1000,50,1.7579e-05
50,262144,1000,50,1.77854e-05
60,262144,1000,50,1.75339e-05
70,262144,1000,50,1.7884599999999998e-05
80,262144,1000,50,1.77213e-05
90,262144,1000,50,1.7589e-05
100,262144,1000,50,1.8126e-05
110,262144,1000,50,1.77483e-05
120,262144,1000,50,1.7916599999999997e-05
130,262144,1000,50,1.77464e-05
140,262144,1000,50,1.79296e-05
150,262144,1000,50,1.7587e-05
160,262144,1000,50,1.78225e-05
170,262144,1000,50,1.75489e-05
180,262144,1000,50,1.78305e-05
190,262144,1000,50,1.76611e-05
200,262144,1000,50,1.76983e-05
210,262144,1000,50,1.7606099999999997e-05
220,262144,1000,50,1.7626099999999997e-05
230,262144,1000,50,1.8065e-05
240,262144,1000,50,1.76051e-05
250,262144,1000,50,1.8093e-05
260,262144,1000,50,1.7801400000000002e-05
270,262144,1000,50,1.73986e-05
280,262144,1000,50,1.7569900000000003e-05
290,262144,1000,50,1.7611099999999998e-05
300,262144,1000,50,1.7770299999999998e-05
310,262144,1000,50,1.7645099999999998e-05
320,262144,1000,50,1.7676200000000002e-05
330,262144,1000,50,1.7728299999999998e-05
340,262144,1000,50,1.77744e-05
350,262144,1000,50,1.81942e-05
360,262144,1000,50,1.8124e-05
370,262144,1000,50,1.7612099999999997e-05
380,262144,1000,50,1.80108e-05
390,262144,1000,50,1.76912e-05
400,262144,1000,50,1.76331e-05
410,262144,1000,50,1.7547e-05
420,262144,1000,50,1.76491e-05
430,262144,1000,50,1.7522799999999998e-05
440,262144,1000,50,1.76912e-05
450,262144,1000,50,1.76181e-05
460,262144,1000,50,1.78104e-05
470,262144,1000,50,1.75289e-05
480,262144,1000,50,1.78495e-05
490,262144,1000,50,1.80218e-05
500,262144,1000,50,1.7623099999999997e-05
510,262144,1000,50,1.79176e-05
520,262144,1000,50,1.76852e-05
530,262144,1000,50,1.77153e-05
540,262144,1000,50,1.74949e-05
550,262144,1000,50,1.78715e-05
560,262144,1000,50,1.74627e-05
570,262144,1000,50,1.80418e-05
580,262144,1000,50,1.7585e-05
590,262144,1000,50,1.79346e-05
600,262144,1000,50,1.73807e-05
610,262144,1000,50,1.78024e-05
620,262144,1000,50,1.83505e-05
630,262144,1000,50,1.7969700000000002e-05
640,262144,1000,50,1.81801e-05
650,262144,1000,50,1.76922e-05
660,262144,1000,50,1.76952e-05
670,262144,1000,50,1.7741200000000002e-05
680,262144,1000,50,1.7750400000000002e-05
690,262144,1000,50,1.77062e-05
700,262144,1000,50,1.74317e-05
710,262144,1000,50,1.76081e-05
720,262144,1000,50,1.78505e-05
730,262144,1000,50,1.7756299999999998e-05
740,262144,1000,50,1.8161099999999998e-05
750,262144,1000,50,1.80279e-05
760,262144,1000,50,1.8091e-05
770,262144,1000,50,1.8206200000000002e-05
780,262144,1000,50,1.80138e-05
790,262144,1000,50,1.77333e-05
800,262144,1000,50,1.76852e-05
810,262144,1000,50,1.76e-05
820,262144,1000,50,1.77273e-05
830,262144,1000,50,1.75489e-05
840,262144,1000,50,1.7513900000000002e-05
850,262144,1000,50,1.7755400000000003e-05
860,262144,1000,50,1.82022e-05
870,262144,1000,50,1.78004e-05
880,262144,1000,50,1.80819e-05
890,262144,1000,50,1.83414e-05
900,262144,1000,50,1.78495e-05
910,262144,1000,50,1.83294e-05
920,262144,1000,50,1.78114e-05
930,262144,1000,50,1.75369e-05
940,262144,1000,50,1.7902599999999997e-05
950,262144,1000,50,1.77422e-05
960,262144,1000,50,1.77313e-05
970,262144,1000,50,1.7586e-05
980,262144,1000,50,1.80709e-05
990,262144,1000,50,1.81661e-05
1000,262144,1000,50,1.83113e-05
1010,262144,1000,50,1.8217200000000002e-05
1020,262144,1000,50,1.81451e-05
1030,262144,1000,50,1.78525e-05
1040,262144,1000,50,1.8667e-05
0,524288,1000,50,3.26433e-05
10,524288,1000,50,3.26353e-05
20,524288,1000,50,3.2902800000000006e-05
30,524288,1000,50,3.3679199999999994e-05
40,524288,1000,50,3.28717e-05
50,524288,1000,50,3.2394700000000003e-05
60,524288,1000,50,3.18247e-05
70,524288,1000,50,3.2499e-05
80,524288,1000,50,3.31723e-05
90,524288,1000,50,3.29128e-05
100,524288,1000,50,3.27415e-05
110,524288,1000,50,3.2493e-05
120,524288,1000,50,3.2868800000000006e-05
130,524288,1000,50,3.29719e-05
140,524288,1000,50,3.2802599999999997e-05
150,524288,1000,50,3.23927e-05
160,524288,1000,50,3.26803e-05
170,524288,1000,50,3.28306e-05
180,524288,1000,50,3.23407e-05
190,524288,1000,50,3.35189e-05
200,524288,1000,50,3.26763e-05
210,524288,1000,50,3.26994e-05
220,524288,1000,50,3.3005e-05
230,524288,1000,50,3.31161e-05
240,524288,1000,50,3.29378e-05
250,524288,1000,50,3.27184e-05
260,524288,1000,50,3.25421e-05
270,524288,1000,50,3.3023e-05
280,524288,1000,50,3.32063e-05
290,524288,1000,50,3.3046099999999995e-05
300,524288,1000,50,3.20602e-05
310,524288,1000,50,3.22515e-05
320,524288,1000,50,3.21663e-05
330,524288,1000,50,3.3392599999999996e-05
340,524288,1000,50,3.3664199999999995e-05
350,524288,1000,50,3.29879e-05
360,524288,1000,50,3.27465e-05
370,524288,1000,50,3.2484e-05
380,524288,1000,50,3.3036e-05
390,524288,1000,50,3.31011e-05
400,524288,1000,50,3.24589e-05
410,524288,1000,50,3.25561e-05
420,524288,1000,50,3.26853e-05
430,524288,1000,50,3.2920800000000005e-05
440,524288,1000,50,3.3428699999999994e-05
450,524288,1000,50,3.2516e-05
460,524288,1000,50,3.2614200000000004e-05
470,524288,1000,50,3.1936e-05
480,524288,1000,50,3.21874e-05
490,524288,1000,50,3.34608e-05
500,524288,1000,50,3.31161e-05
510,524288,1000,50,3.2657299999999996e-05
520,524288,1000,50,3.25791e-05
530,524288,1000,50,3.26413e-05
540,524288,1000,50,3.30921e-05
550,524288,1000,50,3.26843e-05
560,524288,1000,50,3.2431900000000004e-05
570,524288,1000,50,3.24839e-05
580,524288,1000,50,3.3037e-05
590,524288,1000,50,3.30841e-05
600,524288,1000,50,3.18998e-05
610,524288,1000,50,3.18829e-05
620,524288,1000,50,3.22144e-05
630,524288,1000,50,3.27915e-05
640,524288,1000,50,3.32364e-05
650,524288,1000,50,3.2523e-05
660,524288,1000,50,3.26283e-05
670,524288,1000,50,3.253e-05
680,524288,1000,50,3.29338e-05
690,524288,1000,50,3.31182e-05
700,524288,1000,50,3.20482e-05
710,524288,1000,50,3.16984e-05
720,524288,1000,50,3.24499e-05
730,524288,1000,50,3.3037e-05
740,524288,1000,50,3.30289e-05
750,524288,1000,50,3.27405e-05
760,524288,1000,50,3.26212e-05
770,524288,1000,50,3.25471e-05
780,524288,1000,50,3.3571e-05
790,524288,1000,50,3.32735e-05
800,524288,1000,50,3.20562e-05
810,524288,1000,50,3.22175e-05
820,524288,1000,50,3.18237e-05
830,524288,1000,50,3.34457e-05
840,524288,1000,50,3.3392599999999996e-05
850,524288,1000,50,3.26513e-05
860,524288,1000,50,3.2503e-05
870,524288,1000,50,3.25992e-05
880,524288,1000,50,3.28907e-05
890,524288,1000,50,3.30691e-05
900,524288,1000,50,3.27996e-05
910,524288,1000,50,3.2489e-05
920,524288,1000,50,3.24228e-05
930,524288,1000,50,3.2851599999999996e-05
940,524288,1000,50,3.2617200000000003e-05
950,524288,1000,50,3.19259e-05
960,524288,1000,50,3.22055e-05
970,524288,1000,50,3.3061e-05
980,524288,1000,50,3.36251e-05
990,524288,1000,50,3.3019e-05
1000,524288,1000,50,3.23508e-05
1010,524288,1000,50,3.2514e-05
1020,524288,1000,50,3.2648200000000004e-05
1030,524288,1000,50,3.304e-05
1040,524288,1000,50,3.2883800000000005e-05
0,1048576,1000,50,6.21326e-05
10,1048576,1000,50,6.2896e-05
20,1048576,1000,50,6.169980000000001e-05
30,1048576,1000,50,6.25423e-05
40,1048576,1000,50,6.19162e-05
50,1048576,1000,50,6.18882e-05
60,1048576,1000,50,6.17138e-05
70,1048576,1000,50,6.20064e-05
80,1048576,1000,50,6.18541e-05
90,1048576,1000,50,6.23922e-05
100,1048576,1000,50,6.17999e-05
110,1048576,1000,50,6.313340000000001e-05
120,1048576,1000,50,6.19974e-05
130,1048576,1000,50,6.25514e-05
140,1048576,1000,50,6.22859e-05
150,1048576,1000,50,6.24482e-05
160,1048576,1000,50,6.24673e-05
170,1048576,1000,50,6.23951e-05
180,1048576,1000,50,6.19001e-05
190,1048576,1000,50,6.20775e-05
200,1048576,1000,50,6.198130000000001e-05
210,1048576,1000,50,6.220869999999999e-05
220,1048576,1000,50,6.1817e-05
230,1048576,1000,50,6.27718e-05
240,1048576,1000,50,6.20755e-05
250,1048576,1000,50,6.20925e-05
260,1048576,1000,50,6.165869999999999e-05
270,1048576,1000,50,6.21146e-05
280,1048576,1000,50,6.2335e-05
290,1048576,1000,50,6.20625e-05
300,1048576,1000,50,6.18761e-05
310,1048576,1000,50,6.15556e-05
320,1048576,1000,50,6.19633e-05
330,1048576,1000,50,6.20865e-05
340,1048576,1000,50,6.17509e-05
350,1048576,1000,50,6.21356e-05
360,1048576,1000,50,6.22818e-05
370,1048576,1000,50,6.21526e-05
380,1048576,1000,50,6.21667e-05
390,1048576,1000,50,6.22328e-05
400,1048576,1000,50,6.21005e-05
410,1048576,1000,50,6.16958e-05
420,1048576,1000,50,6.265059999999999e-05
430,1048576,1000,50,6.24041e-05
440,1048576,1000,50,6.223080000000001e-05
450,1048576,1000,50,6.16687e-05
460,1048576,1000,50,6.2312e-05
470,1048576,1000,50,6.22098e-05
480,1048576,1000,50,6.26846e-05
490,1048576,1000,50,6.20976e-05
500,1048576,1000,50,6.25895e-05
510,1048576,1000,50,6.21106e-05
520,1048576,1000,50,6.14342e-05
530,1048576,1000,50,6.20174e-05
540,1048576,1000,50,6.194519999999999e-05
550,1048576,1000,50,6.1786e-05
560,1048576,1000,50,6.1281e-05
570,1048576,1000,50,6.25574e-05
580,1048576,1000,50,6.20795e-05
590,1048576,1000,50,6.20184e-05
600,1048576,1000,50,6.19242e-05
610,1048576,1000,50,6.21696e-05
620,1048576,1000,50,6.2356e-05
630,1048576,1000,50,6.18541e-05
640,1048576,1000,50,6.195119999999999e-05
650,1048576,1000,50,6.21877e-05
660,1048576,1000,50,6.25104e-05
670,1048576,1000,50,6.2307e-05
680,1048576,1000,50,6.23049e-05
690,1048576,1000,50,6.20916e-05
700,1048576,1000,50,6.21106e-05
710,1048576,1000,50,6.27788e-05
720,1048576,1000,50,6.26055e-05
730,1048576,1000,50,6.22809e-05
740,1048576,1000,50,6.20064e-05
750,1048576,1000,50,6.168869999999999e-05
760,1048576,1000,50,6.24863e-05
770,1048576,1000,50,6.22889e-05
780,1048576,1000,50,6.15505e-05
790,1048576,1000,50,6.22559e-05
800,1048576,1000,50,6.2357e-05
810,1048576,1000,50,6.15495e-05
820,1048576,1000,50,6.13802e-05
830,1048576,1000,50,6.20174e-05
840,1048576,1000,50,6.21597e-05
850,1048576,1000,50,6.134019999999999e-05
860,1048576,1000,50,6.29352e-05
870,1048576,1000,50,6.25544e-05
880,1048576,1000,50,6.34661e-05
890,1048576,1000,50,6.168969999999999e-05
900,1048576,1000,50,6.20284e-05
910,1048576,1000,50,6.18089e-05
920,1048576,1000,50,6.19703e-05
930,1048576,1000,50,6.19402e-05
940,1048576,1000,50,6.172480000000001e-05
950,1048576,1000,50,6.25093e-05
960,1048576,1000,50,6.19102e-05
970,1048576,1000,50,6.17509e-05
980,1048576,1000,50,6.13622e-05
990,1048576,1000,50,6.20694e-05
1000,1048576,1000,50,6.19383e-05
1010,1048576,1000,50,6.14163e-05
1020,1048576,1000,50,6.18892e-05
1030,1048576,1000,50,6.2374e-05
1040,1048576,1000,50,6.22047e-05
0,2097152,500,50,0.0001224679
10,2097152,500,50,0.00012235460000000002
20,2097152,500,50,0.0001216883
30,2097152,500,50,0.0001226682
40,2097152,500,50,0.0001226842
50,2097152,500,50,0.000121991
60,2097152,500,50,0.0001229988
70,2097152,500,50,0.0001217094
80,2097152,500,50,0.0001226072
90,2097152,500,50,0.0001226863
100,2097152,500,50,0.0001227083
110,2097152,500,50,0.0001213046
120,2097152,500,50,0.0001223396
130,2097152,500,50,0.0001229367
140,2097152,500,50,0.00012152610000000001
150,2097152,500,50,0.0001250998
160,2097152,500,50,0.00012069460000000001
170,2097152,500,50,0.00012199989999999999
180,2097152,500,50,0.0001222625
190,2097152,500,50,0.00012140580000000001
200,2097152,500,50,0.0001232823
210,2097152,500,50,0.0001221032
220,2097152,500,50,0.0001217916
230,2097152,500,50,0.0001215671
240,2097152,500,50,0.0001217866
250,2097152,500,50,0.00012130160000000001
260,2097152,500,50,0.0001220871
270,2097152,500,50,0.0001234136
280,2097152,500,50,0.000122026
290,2097152,500,50,0.000121986
300,2097152,500,50,0.0001212355
310,2097152,500,50,0.0001226121
320,2097152,500,50,0.0001211964
330,2097152,500,50,0.0001230429
340,2097152,500,50,0.00012088680000000001
350,2097152,500,50,0.0001233505
360,2097152,500,50,0.0001206224
370,2097152,500,50,0.000122548
380,2097152,500,50,0.0001221012
390,2097152,500,50,0.00012178260000000001
400,2097152,500,50,0.0001223065
410,2097152,500,50,0.0001218407
420,2097152,500,50,0.0001220922
430,2097152,500,50,0.0001222755
440,2097152,500,50,0.000122042
450,2097152,500,50,0.0001216112
460,2097152,500,50,0.00012129360000000001
470,2097152,500,50,0.0001215411
480,2097152,500,50,0.0001213598
490,2097152,500,50,0.0001224518
500,2097152,500,50,0.0001204591
510,2097152,500,50,0.0001222424
520,2097152,500,50,0.0001226071
530,2097152,500,50,0.0001217034
540,2097152,500,50,0.0001279993
0,4194304,500,50,0.0002545437
10,4194304,500,50,0.0002542732
20,4194304,500,50,0.0002538244
30,4194304,500,50,0.0002539957
40,4194304,500,50,0.0002532452
50,4194304,500,50,0.0002531641
60,4194304,500,50,0.0002536741
70,4194304,500,50,0.000253612
80,4194304,500,50,0.00025397070000000003
90,4194304,500,50,0.0002539687
100,4194304,500,50,0.0002528837
110,4194304,500,50,0.000254201
120,4194304,500,50,0.0002523356
130,4194304,500,50,0.0002528936
140,4194304,500,50,0.0002542572
150,4194304,500,50,0.0002523486
160,4194304,500,50,0.0002533826
170,4194304,500,50,0.0002543434
180,4194304,500,50,0.0002528686
190,4194304,500,50,0.0002528546
200,4194304,500,50,0.0002531802
210,4194304,500,50,0.00025379929999999997
220,4194304,500,50,0.0002527854
230,4194304,500,50,0.0002528625
240,4194304,500,50,0.0002550386
250,4194304,500,50,0.000253641
260,4194304,500,50,0.0002545718
270,4194304,500,50,0.0002553241
280,4194304,500,50,0.0002521993
290,4194304,500,50,0.0002539476
300,4194304,500,50,0.0002535919
310,4194304,500,50,0.0002545507
320,4194304,500,50,0.0002546198
330,4194304,500,50,0.0002535118
340,4194304,500,50,0.0002524558
350,4194304,500,50,0.0002528686
360,4194304,500,50,0.0002553893
370,4194304,500,50,0.0002527524
380,4194304,500,50,0.0002545087
390,4194304,500,50,0.0002538985
400,4194304,500,50,0.0002540949
410,4194304,500,50,0.0002555065
420,4194304,500,50,0.0002534837
430,4194304,500,50,0.0002546138
440,4194304,500,50,0.000254161
450,4194304,500,50,0.0002544035
460,4194304,500,50,0.0002526221
470,4194304,500,50,0.0002539596
480,4194304,500,50,0.0002535269
490,4194304,500,50,0.000253638
500,4194304,500,50,0.00025483820000000003
510,4194304,500,50,0.0002529197
520,4194304,500,50,0.00025483529999999996
530,4194304,500,50,0.00025451470000000003
540,4194304,500,50,0.0002615169
