# osu-lat-charm.py 1 4194304 1000 500 0 /home/zanef2/charm-mpi-compare/microbenchmarks +ppn 1 +pemap L0,4
Iteration Group,Message Size,Total Trials,Warmup Trials,Elapsed seconds
0,1,1000,50,2.4595999999999997e-06
10,1,1000,50,2.2341999999999997e-06
20,1,1000,50,2.5107e-06
30,1,1000,50,2.16e-06
40,1,1000,50,2.659e-06
50,1,1000,50,2.094e-06
60,1,1000,50,1.8364000000000001e-06
70,1,1000,50,1.8435e-06
80,1,1000,50,1.8515e-06
90,1,1000,50,1.8265e-06
100,1,1000,50,1.8245e-06
110,1,1000,50,2.0048e-06
120,1,1000,50,1.8194e-06
130,1,1000,50,1.8274e-06
140,1,1000,50,1.8425e-06
150,1,1000,50,1.8484000000000002e-06
160,1,1000,50,1.8244e-06
170,1,1000,50,1.8585e-06
180,1,1000,50,1.8435e-06
190,1,1000,50,1.8555e-06
200,1,1000,50,1.8555e-06
210,1,1000,50,1.8364000000000001e-06
220,1,1000,50,1.8234000000000002e-06
230,1,1000,50,1.8274e-06
240,1,1000,50,1.9457e-06
250,1,1000,50,2.3725e-06
260,1,1000,50,1.8605e-06
270,1,1000,50,1.8805e-06
280,1,1000,50,1.8195e-06
290,1,1000,50,1.8054000000000001e-06
300,1,1000,50,1.8566e-06
310,1,1000,50,1.8034000000000002e-06
320,1,1000,50,1.8335e-06
330,1,1000,50,1.8335e-06
340,1,1000,50,1.8395e-06
350,1,1000,50,1.8174000000000002e-06
360,1,1000,50,1.8424000000000001e-06
370,1,1000,50,1.8224000000000001e-06
380,1,1000,50,1.8936e-06
390,1,1000,50,1.8475e-06
400,1,1000,50,1.8595e-06
410,1,1000,50,1.8566e-06
420,1,1000,50,1.8234000000000002e-06
430,1,1000,50,1.8825e-06
440,1,1000,50,1.8285e-06
450,1,1000,50,1.8235e-06
460,1,1000,50,1.8344000000000002e-06
470,1,1000,50,1.8735e-06
480,1,1000,50,1.8385e-06
490,1,1000,50,1.8164e-06
500,1,1000,50,1.8194e-06
510,1,1000,50,1.8745e-06
520,1,1000,50,1.8675e-06
530,1,1000,50,1.8444e-06
540,1,1000,50,1.8485e-06
550,1,1000,50,1.8335e-06
560,1,1000,50,1.8334e-06
570,1,1000,50,1.8255e-06
580,1,1000,50,1.8595e-06
590,1,1000,50,1.9958e-06
600,1,1000,50,1.8235e-06
610,1,1000,50,1.8185e-06
620,1,1000,50,1.8235e-06
630,1,1000,50,1.8244e-06
640,1,1000,50,1.8635e-06
650,1,1000,50,1.8595e-06
660,1,1000,50,1.8595e-06
670,1,1000,50,1.8245e-06
680,1,1000,50,1.8515e-06
690,1,1000,50,1.8365e-06
700,1,1000,50,1.8425e-06
710,1,1000,50,1.8445e-06
720,1,1000,50,1.8685e-06
730,1,1000,50,1.8314000000000002e-06
740,1,1000,50,1.8255e-06
750,1,1000,50,1.8575e-06
760,1,1000,50,1.8405e-06
770,1,1000,50,1.8164e-06
780,1,1000,50,1.8305e-06
790,1,1000,50,1.8315e-06
800,1,1000,50,1.8235e-06
810,1,1000,50,1.8435e-06
820,1,1000,50,1.8245e-06
830,1,1000,50,1.8595e-06
840,1,1000,50,1.8715e-06
850,1,1000,50,1.8275e-06
860,1,1000,50,1.8325e-06
870,1,1000,50,1.8285e-06
880,1,1000,50,1.8204000000000002e-06
890,1,1000,50,1.8224000000000001e-06
900,1,1000,50,1.8535e-06
910,1,1000,50,1.8355e-06
920,1,1000,50,1.8174000000000002e-06
930,1,1000,50,1.8094e-06
940,1,1000,50,1.8205e-06
950,1,1000,50,1.8495e-06
960,1,1000,50,1.8424000000000001e-06
970,1,1000,50,1.8164e-06
980,1,1000,50,1.8274e-06
990,1,1000,50,1.8154e-06
1000,1,1000,50,1.9687e-06
1010,1,1000,50,1.8966e-06
1020,1,1000,50,1.8274e-06
1030,1,1000,50,1.8255e-06
1040,1,1000,50,1.8355e-06
0,2,1000,50,1.8375e-06
10,2,1000,50,1.8344000000000002e-06
20,2,1000,50,1.8705e-06
30,2,1000,50,1.8174000000000002e-06
40,2,1000,50,1.8675e-06
50,2,1000,50,1.8545e-06
60,2,1000,50,1.7944000000000001e-06
70,2,1000,50,1.7882999999999999e-06
80,2,1000,50,1.8215e-06
90,2,1000,50,1.8465e-06
100,2,1000,50,1.8344000000000002e-06
110,2,1000,50,1.8265e-06
120,2,1000,50,1.8235e-06
130,2,1000,50,1.8144000000000002e-06
140,2,1000,50,1.8265e-06
150,2,1000,50,1.8064000000000002e-06
160,2,1000,50,1.8234000000000002e-06
170,2,1000,50,1.8345e-06
180,2,1000,50,1.8265e-06
190,2,1000,50,1.8224000000000001e-06
200,2,1000,50,1.7894000000000002e-06
210,2,1000,50,2.2152e-06
220,2,1000,50,1.8194e-06
230,2,1000,50,1.8244e-06
240,2,1000,50,1.8265e-06
250,2,1000,50,1.8524e-06
260,2,1000,50,1.8255e-06
270,2,1000,50,1.8174000000000002e-06
280,2,1000,50,1.8114000000000001e-06
290,2,1000,50,1.8455e-06
300,2,1000,50,1.8054000000000001e-06
310,2,1000,50,1.8104e-06
320,2,1000,50,1.8395e-06
330,2,1000,50,1.8154e-06
340,2,1000,50,1.9737e-06
350,2,1000,50,1.7994e-06
360,2,1000,50,1.8294e-06
370,2,1000,50,1.8234000000000002e-06
380,2,1000,50,1.8104e-06
390,2,1000,50,1.7934e-06
400,2,1000,50,1.8074e-06
410,2,1000,50,1.8314000000000002e-06
420,2,1000,50,1.8274e-06
430,2,1000,50,1.8335e-06
440,2,1000,50,1.8575e-06
450,2,1000,50,1.7964e-06
460,2,1000,50,1.8425e-06
470,2,1000,50,1.7783e-06
480,2,1000,50,1.9355999999999997e-06
490,2,1000,50,1.8495e-06
500,2,1000,50,1.8485e-06
510,2,1000,50,1.8004000000000002e-06
520,2,1000,50,1.7984e-06
530,2,1000,50,1.8385e-06
540,2,1000,50,1.7903e-06
550,2,1000,50,1.8094e-06
560,2,1000,50,1.8204000000000002e-06
570,2,1000,50,1.8184e-06
580,2,1000,50,1.8124e-06
590,2,1000,50,1.8264e-06
600,2,1000,50,1.8144000000000002e-06
610,2,1000,50,1.8415e-06
620,2,1000,50,1.8144000000000002e-06
630,2,1000,50,1.8204000000000002e-06
640,2,1000,50,1.8054000000000001e-06
650,2,1000,50,1.8114000000000001e-06
660,2,1000,50,1.8465e-06
670,2,1000,50,1.8174000000000002e-06
680,2,1000,50,1.8355e-06
690,2,1000,50,1.8124e-06
700,2,1000,50,1.8214e-06
710,2,1000,50,1.8174000000000002e-06
720,2,1000,50,1.7994e-06
730,2,1000,50,1.8555e-06
740,2,1000,50,1.8224000000000001e-06
750,2,1000,50,1.8755e-06
760,2,1000,50,1.8205e-06
770,2,1000,50,1.8114000000000001e-06
780,2,1000,50,1.8244e-06
790,2,1000,50,1.8135e-06
800,2,1000,50,1.7944000000000001e-06
810,2,1000,50,1.8285e-06
820,2,1000,50,1.8385e-06
830,2,1000,50,1.8254000000000001e-06
840,2,1000,50,1.8014e-06
850,2,1000,50,1.8384e-06
860,2,1000,50,1.8104e-06
870,2,1000,50,1.7974000000000001e-06
880,2,1000,50,1.7934e-06
890,2,1000,50,1.8124e-06
900,2,1000,50,1.7934e-06
910,2,1000,50,1.8185e-06
920,2,1000,50,1.8195e-06
930,2,1000,50,1.8435e-06
940,2,1000,50,1.8034000000000002e-06
950,2,1000,50,1.8384e-06
960,2,1000,50,1.8245e-06
970,2,1000,50,1.8135e-06
980,2,1000,50,1.8826e-06
990,2,1000,50,1.8074e-06
1000,2,1000,50,1.8264e-06
1010,2,1000,50,1.8165e-06
1020,2,1000,50,1.9106e-06
1030,2,1000,50,1.8254000000000001e-06
1040,2,1000,50,1.8334e-06
0,4,1000,50,1.8345e-06
10,4,1000,50,1.8314000000000002e-06
20,4,1000,50,1.8716e-06
30,4,1000,50,1.8074e-06
40,4,1000,50,1.8685e-06
50,4,1000,50,1.8355e-06
60,4,1000,50,1.8435e-06
70,4,1000,50,1.8415e-06
80,4,1000,50,1.8134e-06
90,4,1000,50,1.8265e-06
100,4,1000,50,1.8214e-06
110,4,1000,50,1.8003e-06
120,4,1000,50,1.8094e-06
130,4,1000,50,1.8214e-06
140,4,1000,50,1.8174000000000002e-06
150,4,1000,50,1.8365e-06
160,4,1000,50,1.8255e-06
170,4,1000,50,1.8435e-06
180,4,1000,50,1.8465e-06
190,4,1000,50,1.8545e-06
200,4,1000,50,1.8695e-06
210,4,1000,50,1.8165e-06
220,4,1000,50,1.8424000000000001e-06
230,4,1000,50,1.8104e-06
240,4,1000,50,1.8114000000000001e-06
250,4,1000,50,1.8585999999999999e-06
260,4,1000,50,1.8204000000000002e-06
270,4,1000,50,1.8484000000000002e-06
280,4,1000,50,1.8575e-06
290,4,1000,50,1.8184e-06
300,4,1000,50,1.8254000000000001e-06
310,4,1000,50,1.9386e-06
320,4,1000,50,1.8234000000000002e-06
330,4,1000,50,1.8094e-06
340,4,1000,50,1.9276e-06
350,4,1000,50,1.8254000000000001e-06
360,4,1000,50,1.8124e-06
370,4,1000,50,1.8545e-06
380,4,1000,50,1.8094e-06
390,4,1000,50,1.8234000000000002e-06
400,4,1000,50,1.8084000000000001e-06
410,4,1000,50,1.8275e-06
420,4,1000,50,1.8444e-06
430,4,1000,50,1.8105e-06
440,4,1000,50,1.8735e-06
450,4,1000,50,1.8525e-06
460,4,1000,50,1.8184e-06
470,4,1000,50,1.8094e-06
480,4,1000,50,1.8044e-06
490,4,1000,50,1.8013e-06
500,4,1000,50,1.8014e-06
510,4,1000,50,1.8535e-06
520,4,1000,50,1.8455e-06
530,4,1000,50,1.8345e-06
540,4,1000,50,1.8626e-06
550,4,1000,50,1.8375e-06
560,4,1000,50,1.8174000000000002e-06
570,4,1000,50,1.7973e-06
580,4,1000,50,1.9276e-06
590,4,1000,50,1.8304e-06
600,4,1000,50,1.8275e-06
610,4,1000,50,1.8465e-06
620,4,1000,50,1.8174000000000002e-06
630,4,1000,50,1.8454000000000002e-06
640,4,1000,50,1.8214e-06
650,4,1000,50,1.7934e-06
660,4,1000,50,1.8143e-06
670,4,1000,50,1.8354e-06
680,4,1000,50,1.8165e-06
690,4,1000,50,1.8354e-06
700,4,1000,50,1.8155e-06
710,4,1000,50,1.8344000000000002e-06
720,4,1000,50,1.8334e-06
730,4,1000,50,1.8224000000000001e-06
740,4,1000,50,1.8876e-06
750,4,1000,50,1.8104e-06
760,4,1000,50,1.8184e-06
770,4,1000,50,2.3374000000000003e-06
780,4,1000,50,1.8375e-06
790,4,1000,50,1.8154e-06
800,4,1000,50,1.8575e-06
810,4,1000,50,1.8225e-06
820,4,1000,50,1.7943e-06
830,4,1000,50,1.8424000000000001e-06
840,4,1000,50,1.8455e-06
850,4,1000,50,1.8084000000000001e-06
860,4,1000,50,1.8305e-06
870,4,1000,50,1.8475e-06
880,4,1000,50,1.8605e-06
890,4,1000,50,1.7914000000000001e-06
900,4,1000,50,1.7884e-06
910,4,1000,50,1.8125e-06
920,4,1000,50,1.8325e-06
930,4,1000,50,1.8364000000000001e-06
940,4,1000,50,1.8195e-06
950,4,1000,50,1.8615e-06
960,4,1000,50,1.8425e-06
970,4,1000,50,1.8134e-06
980,4,1000,50,1.8315e-06
990,4,1000,50,1.8425e-06
1000,4,1000,50,1.8114000000000001e-06
1010,4,1000,50,1.8656e-06
1020,4,1000,50,1.8364000000000001e-06
1030,4,1000,50,1.8204000000000002e-06
1040,4,1000,50,1.8835e-06
0,8,1000,50,1.8504e-06
10,8,1000,50,2.0328e-06
20,8,1000,50,1.8185e-06
30,8,1000,50,1.8083e-06
40,8,1000,50,1.8314000000000002e-06
50,8,1000,50,1.8395e-06
60,8,1000,50,1.8104e-06
70,8,1000,50,1.8314000000000002e-06
80,8,1000,50,1.8214e-06
90,8,1000,50,1.8374000000000002e-06
100,8,1000,50,1.8164e-06
110,8,1000,50,1.8274e-06
120,8,1000,50,1.8114000000000001e-06
130,8,1000,50,1.8074e-06
140,8,1000,50,1.8214e-06
150,8,1000,50,1.8094e-06
160,8,1000,50,1.8014e-06
170,8,1000,50,2.0439e-06
180,8,1000,50,1.7974000000000001e-06
190,8,1000,50,1.8014e-06
200,8,1000,50,1.8435e-06
210,8,1000,50,1.8134e-06
220,8,1000,50,1.8274e-06
230,8,1000,50,1.8154e-06
240,8,1000,50,1.8395e-06
250,8,1000,50,1.8585999999999999e-06
260,8,1000,50,1.8244e-06
270,8,1000,50,1.7724000000000002e-06
280,8,1000,50,1.9487e-06
290,8,1000,50,1.8565e-06
300,8,1000,50,1.8204000000000002e-06
310,8,1000,50,1.8315e-06
320,8,1000,50,1.8324e-06
330,8,1000,50,1.8304e-06
340,8,1000,50,1.8144000000000002e-06
350,8,1000,50,1.8225e-06
360,8,1000,50,2.2924000000000003e-06
370,8,1000,50,1.8384e-06
380,8,1000,50,1.8545e-06
390,8,1000,50,1.8425e-06
400,8,1000,50,1.7964e-06
410,8,1000,50,1.8185e-06
420,8,1000,50,1.8024e-06
430,8,1000,50,1.8104e-06
440,8,1000,50,1.8275e-06
450,8,1000,50,1.8114000000000001e-06
460,8,1000,50,1.8164e-06
470,8,1000,50,1.8565e-06
480,8,1000,50,1.7793e-06
490,8,1000,50,1.8264e-06
500,8,1000,50,1.8083e-06
510,8,1000,50,1.8154e-06
520,8,1000,50,1.7894000000000002e-06
530,8,1000,50,1.8164e-06
540,8,1000,50,1.8014e-06
550,8,1000,50,1.8615e-06
560,8,1000,50,1.8264e-06
570,8,1000,50,1.8144000000000002e-06
580,8,1000,50,1.8305e-06
590,8,1000,50,1.8175e-06
600,8,1000,50,1.7914000000000001e-06
610,8,1000,50,1.8415e-06
620,8,1000,50,1.8465e-06
630,8,1000,50,2.2933e-06
640,8,1000,50,1.8435e-06
650,8,1000,50,1.8384e-06
660,8,1000,50,1.8174000000000002e-06
670,8,1000,50,1.7954e-06
680,8,1000,50,1.8254000000000001e-06
690,8,1000,50,1.8204000000000002e-06
700,8,1000,50,1.8204000000000002e-06
710,8,1000,50,1.9596e-06
720,8,1000,50,1.8174000000000002e-06
730,8,1000,50,1.8504e-06
740,8,1000,50,1.8525e-06
750,8,1000,50,1.8184e-06
760,8,1000,50,1.8004000000000002e-06
770,8,1000,50,1.8124e-06
780,8,1000,50,1.8265e-06
790,8,1000,50,1.8134e-06
800,8,1000,50,1.8244e-06
810,8,1000,50,1.8294e-06
820,8,1000,50,1.9537e-06
830,8,1000,50,1.8195e-06
840,8,1000,50,1.8284000000000001e-06
850,8,1000,50,1.8285e-06
860,8,1000,50,1.8145e-06
870,8,1000,50,1.8314000000000002e-06
880,8,1000,50,1.8255e-06
890,8,1000,50,1.8184e-06
900,8,1000,50,1.8635e-06
910,8,1000,50,1.8224000000000001e-06
920,8,1000,50,1.8214e-06
930,8,1000,50,1.8264e-06
940,8,1000,50,1.8735e-06
950,8,1000,50,1.7962999999999999e-06
960,8,1000,50,1.8205e-06
970,8,1000,50,1.8284000000000001e-06
980,8,1000,50,1.9147e-06
990,8,1000,50,1.7914000000000001e-06
1000,8,1000,50,1.7974000000000001e-06
1010,8,1000,50,1.8555e-06
1020,8,1000,50,1.8364000000000001e-06
1030,8,1000,50,1.8145e-06
1040,8,1000,50,1.8334e-06
0,16,1000,50,1.8625e-06
10,16,1000,50,1.8174000000000002e-06
20,16,1000,50,1.8395e-06
30,16,1000,50,1.8635e-06
40,16,1000,50,1.8565e-06
50,16,1000,50,1.8274e-06
60,16,1000,50,1.8294e-06
70,16,1000,50,1.8425e-06
80,16,1000,50,1.8505e-06
90,16,1000,50,1.8314000000000002e-06
100,16,1000,50,1.8345e-06
110,16,1000,50,1.8184e-06
120,16,1000,50,1.8145e-06
130,16,1000,50,1.8445e-06
140,16,1000,50,2.0168e-06
150,16,1000,50,1.8375e-06
160,16,1000,50,1.8465e-06
170,16,1000,50,1.8214e-06
180,16,1000,50,1.8304e-06
190,16,1000,50,1.8255e-06
200,16,1000,50,1.8244e-06
210,16,1000,50,1.8294e-06
220,16,1000,50,1.8835e-06
230,16,1000,50,1.8275e-06
240,16,1000,50,1.7843e-06
250,16,1000,50,1.8996e-06
260,16,1000,50,1.8104e-06
270,16,1000,50,1.8345e-06
280,16,1000,50,1.8524e-06
290,16,1000,50,1.8355e-06
300,16,1000,50,1.9707e-06
310,16,1000,50,1.8175e-06
320,16,1000,50,1.8365e-06
330,16,1000,50,1.8354e-06
340,16,1000,50,1.8314000000000002e-06
350,16,1000,50,1.8305e-06
360,16,1000,50,1.8354e-06
370,16,1000,50,1.7933e-06
380,16,1000,50,2.3174e-06
390,16,1000,50,1.8605e-06
400,16,1000,50,1.8445e-06
410,16,1000,50,1.8134e-06
420,16,1000,50,1.8304e-06
430,16,1000,50,1.8204000000000002e-06
440,16,1000,50,1.8144000000000002e-06
450,16,1000,50,1.8294e-06
460,16,1000,50,1.8695e-06
470,16,1000,50,1.8515e-06
480,16,1000,50,1.8605999999999998e-06
490,16,1000,50,1.8455e-06
500,16,1000,50,1.8205e-06
510,16,1000,50,1.8254000000000001e-06
520,16,1000,50,1.8315e-06
530,16,1000,50,1.7984e-06
540,16,1000,50,1.8344000000000002e-06
550,16,1000,50,1.8364000000000001e-06
560,16,1000,50,1.8524e-06
570,16,1000,50,1.8665e-06
580,16,1000,50,1.8255e-06
590,16,1000,50,1.8384e-06
600,16,1000,50,1.8335e-06
610,16,1000,50,1.8164e-06
620,16,1000,50,1.8124e-06
630,16,1000,50,1.8285e-06
640,16,1000,50,1.8615e-06
650,16,1000,50,1.8725e-06
660,16,1000,50,1.8615e-06
670,16,1000,50,1.8104e-06
680,16,1000,50,1.8325e-06
690,16,1000,50,1.8285e-06
700,16,1000,50,1.8084000000000001e-06
710,16,1000,50,1.8545e-06
720,16,1000,50,1.8495e-06
730,16,1000,50,1.9087e-06
740,16,1000,50,1.8465e-06
750,16,1000,50,1.8154e-06
760,16,1000,50,1.8415e-06
770,16,1000,50,1.8214e-06
780,16,1000,50,1.8154e-06
790,16,1000,50,1.8244e-06
800,16,1000,50,1.8545e-06
810,16,1000,50,1.8876e-06
820,16,1000,50,1.8404e-06
830,16,1000,50,1.8265e-06
840,16,1000,50,1.8575e-06
850,16,1000,50,1.8555e-06
860,16,1000,50,1.8114000000000001e-06
870,16,1000,50,1.8275e-06
880,16,1000,50,1.8544000000000002e-06
890,16,1000,50,1.9748e-06
900,16,1000,50,1.8185e-06
910,16,1000,50,1.8635e-06
920,16,1000,50,1.8444e-06
930,16,1000,50,1.7964e-06
940,16,1000,50,1.8475e-06
950,16,1000,50,1.8164e-06
960,16,1000,50,1.8225e-06
970,16,1000,50,2.2331999999999996e-06
980,16,1000,50,1.8525e-06
990,16,1000,50,1.8355e-06
1000,16,1000,50,1.8094e-06
1010,16,1000,50,1.8264e-06
1020,16,1000,50,1.8525e-06
1030,16,1000,50,1.8625e-06
1040,16,1000,50,1.8796e-06
0,32,1000,50,1.8695e-06
10,32,1000,50,2.3445e-06
20,32,1000,50,1.8525e-06
30,32,1000,50,1.8575e-06
40,32,1000,50,2.0198e-06
50,32,1000,50,1.8514000000000002e-06
60,32,1000,50,1.8385e-06
70,32,1000,50,1.8495e-06
80,32,1000,50,1.8324e-06
90,32,1000,50,1.8344000000000002e-06
100,32,1000,50,1.8826e-06
110,32,1000,50,1.8414e-06
120,32,1000,50,1.8765e-06
130,32,1000,50,1.8335e-06
140,32,1000,50,1.8224000000000001e-06
150,32,1000,50,1.8405e-06
160,32,1000,50,1.8365e-06
170,32,1000,50,1.8625e-06
180,32,1000,50,1.8525e-06
190,32,1000,50,1.8395e-06
200,32,1000,50,2.0259e-06
210,32,1000,50,1.8415e-06
220,32,1000,50,1.8134e-06
230,32,1000,50,1.8075e-06
240,32,1000,50,1.8164e-06
250,32,1000,50,1.9026e-06
260,32,1000,50,1.8445e-06
270,32,1000,50,1.8234000000000002e-06
280,32,1000,50,1.8204000000000002e-06
290,32,1000,50,1.8445e-06
300,32,1000,50,1.8264e-06
310,32,1000,50,1.8394000000000001e-06
320,32,1000,50,1.8424000000000001e-06
330,32,1000,50,1.8936e-06
340,32,1000,50,1.8575e-06
350,32,1000,50,1.8485e-06
360,32,1000,50,1.9046e-06
370,32,1000,50,1.8465e-06
380,32,1000,50,1.8575e-06
390,32,1000,50,1.8494e-06
400,32,1000,50,1.8184e-06
410,32,1000,50,1.8174000000000002e-06
420,32,1000,50,1.8274e-06
430,32,1000,50,1.8475e-06
440,32,1000,50,1.8474e-06
450,32,1000,50,1.8284000000000001e-06
460,32,1000,50,1.8084000000000001e-06
470,32,1000,50,1.7994e-06
480,32,1000,50,1.8254000000000001e-06
490,32,1000,50,1.8945999999999998e-06
500,32,1000,50,1.8364000000000001e-06
510,32,1000,50,1.8144000000000002e-06
520,32,1000,50,1.8314000000000002e-06
530,32,1000,50,1.8405e-06
540,32,1000,50,1.8395e-06
550,32,1000,50,1.8215e-06
560,32,1000,50,1.8404e-06
570,32,1000,50,1.8325e-06
580,32,1000,50,1.8485e-06
590,32,1000,50,1.8434e-06
600,32,1000,50,1.8544000000000002e-06
610,32,1000,50,1.8325e-06
620,32,1000,50,1.8365e-06
630,32,1000,50,1.8344000000000002e-06
640,32,1000,50,1.8445e-06
650,32,1000,50,1.9426e-06
660,32,1000,50,1.8264e-06
670,32,1000,50,1.8224000000000001e-06
680,32,1000,50,1.9065999999999999e-06
690,32,1000,50,1.8555e-06
700,32,1000,50,1.8174000000000002e-06
710,32,1000,50,1.8354e-06
720,32,1000,50,1.8155e-06
730,32,1000,50,1.8154e-06
740,32,1000,50,1.8114000000000001e-06
750,32,1000,50,1.8254000000000001e-06
760,32,1000,50,1.8484000000000002e-06
770,32,1000,50,1.8304e-06
780,32,1000,50,1.8275e-06
790,32,1000,50,1.8475e-06
800,32,1000,50,1.8434e-06
810,32,1000,50,2.2011e-06
820,32,1000,50,1.8815e-06
830,32,1000,50,1.8264e-06
840,32,1000,50,1.9266e-06
850,32,1000,50,1.8085e-06
860,32,1000,50,1.8535e-06
870,32,1000,50,1.8204000000000002e-06
880,32,1000,50,1.8535e-06
890,32,1000,50,1.8534000000000001e-06
900,32,1000,50,1.8805999999999998e-06
910,32,1000,50,1.8235e-06
920,32,1000,50,1.8305e-06
930,32,1000,50,1.8565e-06
940,32,1000,50,1.8375e-06
950,32,1000,50,1.8274e-06
960,32,1000,50,1.8435e-06
970,32,1000,50,2.2192e-06
980,32,1000,50,1.8415e-06
990,32,1000,50,1.8374000000000002e-06
1000,32,1000,50,1.9917e-06
1010,32,1000,50,1.8395e-06
1020,32,1000,50,1.8545e-06
1030,32,1000,50,1.8285e-06
1040,32,1000,50,1.8384e-06
0,64,1000,50,1.8404e-06
10,64,1000,50,1.8114000000000001e-06
20,64,1000,50,1.8185e-06
30,64,1000,50,1.8254000000000001e-06
40,64,1000,50,1.8485e-06
50,64,1000,50,1.8485e-06
60,64,1000,50,1.8354e-06
70,64,1000,50,1.8404e-06
80,64,1000,50,1.8305e-06
90,64,1000,50,1.8034000000000002e-06
100,64,1000,50,1.8244e-06
110,64,1000,50,1.8425e-06
120,64,1000,50,1.8034000000000002e-06
130,64,1000,50,1.8645e-06
140,64,1000,50,1.7994e-06
150,64,1000,50,1.8454000000000002e-06
160,64,1000,50,1.8825e-06
170,64,1000,50,1.8205e-06
180,64,1000,50,1.8305e-06
190,64,1000,50,1.8345e-06
200,64,1000,50,1.8335e-06
210,64,1000,50,1.8635e-06
220,64,1000,50,1.8555e-06
230,64,1000,50,1.8315e-06
240,64,1000,50,1.8254000000000001e-06
250,64,1000,50,1.8374000000000002e-06
260,64,1000,50,1.8325e-06
270,64,1000,50,1.8715e-06
280,64,1000,50,1.8334e-06
290,64,1000,50,1.8555e-06
300,64,1000,50,1.8936e-06
310,64,1000,50,1.8275e-06
320,64,1000,50,1.9596e-06
330,64,1000,50,1.8375e-06
340,64,1000,50,1.8104e-06
350,64,1000,50,1.8445e-06
360,64,1000,50,1.8585e-06
370,64,1000,50,1.8344000000000002e-06
380,64,1000,50,1.8444e-06
390,64,1000,50,1.8344000000000002e-06
400,64,1000,50,1.8585e-06
410,64,1000,50,1.8014e-06
420,64,1000,50,1.8514000000000002e-06
430,64,1000,50,1.8254000000000001e-06
440,64,1000,50,1.8434e-06
450,64,1000,50,1.8775e-06
460,64,1000,50,1.8084000000000001e-06
470,64,1000,50,1.8294e-06
480,64,1000,50,1.8665e-06
490,64,1000,50,1.8224000000000001e-06
500,64,1000,50,1.8475e-06
510,64,1000,50,1.8495e-06
520,64,1000,50,1.8655e-06
530,64,1000,50,1.8214e-06
540,64,1000,50,1.8716e-06
550,64,1000,50,1.8375e-06
560,64,1000,50,1.8325e-06
570,64,1000,50,1.8154e-06
580,64,1000,50,1.8405e-06
590,64,1000,50,1.9025e-06
600,64,1000,50,1.8585e-06
610,64,1000,50,1.8815e-06
620,64,1000,50,1.8725999999999999e-06
630,64,1000,50,1.8195e-06
640,64,1000,50,1.8294e-06
650,64,1000,50,1.8234000000000002e-06
660,64,1000,50,1.8475e-06
670,64,1000,50,1.8535e-06
680,64,1000,50,1.8535e-06
690,64,1000,50,1.8465e-06
700,64,1000,50,1.7992999999999999e-06
710,64,1000,50,1.8605e-06
720,64,1000,50,1.8184e-06
730,64,1000,50,1.8275e-06
740,64,1000,50,1.8364000000000001e-06
750,64,1000,50,1.9227000000000002e-06
760,64,1000,50,1.8305e-06
770,64,1000,50,1.9728e-06
780,64,1000,50,1.8204000000000002e-06
790,64,1000,50,1.8475e-06
800,64,1000,50,1.8384e-06
810,64,1000,50,1.7974000000000001e-06
820,64,1000,50,1.8204000000000002e-06
830,64,1000,50,1.8535e-06
840,64,1000,50,1.9096e-06
850,64,1000,50,1.8344000000000002e-06
860,64,1000,50,1.8665e-06
870,64,1000,50,1.8485e-06
880,64,1000,50,1.8365e-06
890,64,1000,50,1.7953e-06
900,64,1000,50,1.8275e-06
910,64,1000,50,2.0078e-06
920,64,1000,50,1.8375e-06
930,64,1000,50,2.3114e-06
940,64,1000,50,1.8544000000000002e-06
950,64,1000,50,1.7943e-06
960,64,1000,50,1.8214e-06
970,64,1000,50,1.8045e-06
980,64,1000,50,1.8325e-06
990,64,1000,50,1.8485e-06
1000,64,1000,50,1.8745999999999998e-06
1010,64,1000,50,1.8375e-06
1020,64,1000,50,1.8384e-06
1030,64,1000,50,1.8515e-06
1040,64,1000,50,1.8444e-06
0,128,1000,50,1.8524e-06
10,128,1000,50,1.8334e-06
20,128,1000,50,1.8525999999999998e-06
30,128,1000,50,1.8434e-06
40,128,1000,50,1.8234000000000002e-06
50,128,1000,50,1.8615e-06
60,128,1000,50,1.8585999999999999e-06
70,128,1000,50,1.9346e-06
80,128,1000,50,1.8205e-06
90,128,1000,50,1.8695e-06
100,128,1000,50,1.8194e-06
110,128,1000,50,1.8094e-06
120,128,1000,50,1.8615e-06
130,128,1000,50,1.8445e-06
140,128,1000,50,1.8074e-06
150,128,1000,50,1.8265e-06
160,128,1000,50,1.8465e-06
170,128,1000,50,1.8294e-06
180,128,1000,50,1.8425e-06
190,128,1000,50,1.8254000000000001e-06
200,128,1000,50,1.8244e-06
210,128,1000,50,1.8475e-06
220,128,1000,50,1.8475e-06
230,128,1000,50,2.0198e-06
240,128,1000,50,1.8214e-06
250,128,1000,50,1.9196e-06
260,128,1000,50,1.8485e-06
270,128,1000,50,1.8475e-06
280,128,1000,50,1.8365e-06
290,128,1000,50,1.8394000000000001e-06
300,128,1000,50,1.8825e-06
310,128,1000,50,1.8424000000000001e-06
320,128,1000,50,1.8495e-06
330,128,1000,50,1.8585999999999999e-06
340,128,1000,50,1.8374000000000002e-06
350,128,1000,50,1.8094e-06
360,128,1000,50,1.8265e-06
370,128,1000,50,1.8675e-06
380,128,1000,50,1.8424000000000001e-06
390,128,1000,50,2.083e-06
400,128,1000,50,1.8434e-06
410,128,1000,50,1.8515e-06
420,128,1000,50,1.8445e-06
430,128,1000,50,1.8555e-06
440,128,1000,50,1.8505e-06
450,128,1000,50,1.8495e-06
460,128,1000,50,1.8535e-06
470,128,1000,50,1.8495e-06
480,128,1000,50,1.8404e-06
490,128,1000,50,1.8455e-06
500,128,1000,50,1.8284000000000001e-06
510,128,1000,50,1.8244e-06
520,128,1000,50,1.8435e-06
530,128,1000,50,1.8315e-06
540,128,1000,50,1.8164e-06
550,128,1000,50,1.8795e-06
560,128,1000,50,1.8535e-06
570,128,1000,50,1.8305e-06
580,128,1000,50,1.8675e-06
590,128,1000,50,1.8324e-06
600,128,1000,50,1.8205e-06
610,128,1000,50,1.8395e-06
620,128,1000,50,1.8605999999999998e-06
630,128,1000,50,1.8184e-06
640,128,1000,50,1.8054000000000001e-06
650,128,1000,50,1.8174000000000002e-06
660,128,1000,50,1.8235e-06
670,128,1000,50,1.8405e-06
680,128,1000,50,1.8545e-06
690,128,1000,50,1.8755e-06
700,128,1000,50,1.8605e-06
710,128,1000,50,1.8164e-06
720,128,1000,50,1.8485e-06
730,128,1000,50,1.8305e-06
740,128,1000,50,1.8615e-06
750,128,1000,50,1.8485e-06
760,128,1000,50,1.8244e-06
770,128,1000,50,1.8455e-06
780,128,1000,50,1.8435e-06
790,128,1000,50,1.8114000000000001e-06
800,128,1000,50,1.8455e-06
810,128,1000,50,1.8414e-06
820,128,1000,50,1.8234000000000002e-06
830,128,1000,50,1.8535e-06
840,128,1000,50,1.8425e-06
850,128,1000,50,1.8414e-06
860,128,1000,50,1.8295e-06
870,128,1000,50,2.0519e-06
880,128,1000,50,1.8154e-06
890,128,1000,50,1.8555e-06
900,128,1000,50,1.8886e-06
910,128,1000,50,1.8655e-06
920,128,1000,50,1.8315e-06
930,128,1000,50,1.8414e-06
940,128,1000,50,1.8345e-06
950,128,1000,50,1.8155e-06
960,128,1000,50,1.8354e-06
970,128,1000,50,1.8034000000000002e-06
980,128,1000,50,1.8475e-06
990,128,1000,50,1.8254000000000001e-06
1000,128,1000,50,1.8365e-06
1010,128,1000,50,1.8154e-06
1020,128,1000,50,1.8405e-06
1030,128,1000,50,1.8886e-06
1040,128,1000,50,1.8255e-06
0,256,1000,50,1.8485e-06
10,256,1000,50,1.8444e-06
20,256,1000,50,1.8494e-06
30,256,1000,50,1.8364000000000001e-06
40,256,1000,50,1.8855e-06
50,256,1000,50,1.8355e-06
60,256,1000,50,1.8244e-06
70,256,1000,50,1.8595e-06
80,256,1000,50,1.8705e-06
90,256,1000,50,1.8685e-06
100,256,1000,50,1.8685e-06
110,256,1000,50,1.8435e-06
120,256,1000,50,1.8455e-06
130,256,1000,50,1.9035999999999999e-06
140,256,1000,50,1.8354e-06
150,256,1000,50,2.2042e-06
160,256,1000,50,1.8785e-06
170,256,1000,50,1.8294e-06
180,256,1000,50,1.8465e-06
190,256,1000,50,1.8394000000000001e-06
200,256,1000,50,1.8204000000000002e-06
210,256,1000,50,1.8024e-06
220,256,1000,50,1.8294e-06
230,256,1000,50,1.8515e-06
240,256,1000,50,1.8234000000000002e-06
250,256,1000,50,1.9046e-06
260,256,1000,50,1.8275e-06
270,256,1000,50,1.8264e-06
280,256,1000,50,1.8935e-06
290,256,1000,50,1.8295e-06
300,256,1000,50,1.8566e-06
310,256,1000,50,1.8966e-06
320,256,1000,50,1.8425e-06
330,256,1000,50,1.8706e-06
340,256,1000,50,1.8234000000000002e-06
350,256,1000,50,1.8585e-06
360,256,1000,50,1.8605e-06
370,256,1000,50,1.8535e-06
380,256,1000,50,1.8365e-06
390,256,1000,50,1.8795e-06
400,256,1000,50,1.8535e-06
410,256,1000,50,1.8675e-06
420,256,1000,50,1.8845e-06
430,256,1000,50,1.8234000000000002e-06
440,256,1000,50,1.8485e-06
450,256,1000,50,1.9807e-06
460,256,1000,50,1.8284000000000001e-06
470,256,1000,50,1.8665e-06
480,256,1000,50,1.8805e-06
490,256,1000,50,1.8195e-06
500,256,1000,50,1.8615999999999999e-06
510,256,1000,50,1.8375e-06
520,256,1000,50,1.8275e-06
530,256,1000,50,1.8165e-06
540,256,1000,50,1.8284000000000001e-06
550,256,1000,50,1.8284000000000001e-06
560,256,1000,50,1.8595e-06
570,256,1000,50,1.8876e-06
580,256,1000,50,1.8254000000000001e-06
590,256,1000,50,1.8264e-06
600,256,1000,50,1.8635e-06
610,256,1000,50,1.9286e-06
620,256,1000,50,1.8274e-06
630,256,1000,50,1.8876e-06
640,256,1000,50,1.8445e-06
650,256,1000,50,1.8475e-06
660,256,1000,50,1.8415e-06
670,256,1000,50,1.8484000000000002e-06
680,256,1000,50,1.8385e-06
690,256,1000,50,1.8434e-06
700,256,1000,50,1.8385e-06
710,256,1000,50,1.8555e-06
720,256,1000,50,1.8985e-06
730,256,1000,50,1.8285e-06
740,256,1000,50,1.8675e-06
750,256,1000,50,1.8534000000000001e-06
760,256,1000,50,1.8424000000000001e-06
770,256,1000,50,1.8775e-06
780,256,1000,50,1.8474e-06
790,256,1000,50,1.8254000000000001e-06
800,256,1000,50,1.8626e-06
810,256,1000,50,1.8505e-06
820,256,1000,50,1.8705e-06
830,256,1000,50,1.8265e-06
840,256,1000,50,1.8474e-06
850,256,1000,50,1.8335e-06
860,256,1000,50,1.8254000000000001e-06
870,256,1000,50,1.8224000000000001e-06
880,256,1000,50,1.8595e-06
890,256,1000,50,1.8545e-06
900,256,1000,50,1.8475e-06
910,256,1000,50,1.8415e-06
920,256,1000,50,1.8415e-06
930,256,1000,50,1.9245999999999998e-06
940,256,1000,50,1.8385e-06
950,256,1000,50,1.8345e-06
960,256,1000,50,1.8104e-06
970,256,1000,50,1.8505e-06
980,256,1000,50,1.8125e-06
990,256,1000,50,1.8354e-06
1000,256,1000,50,1.8274e-06
1010,256,1000,50,1.8505e-06
1020,256,1000,50,1.8415e-06
1030,256,1000,50,1.8315e-06
1040,256,1000,50,1.8895999999999999e-06
0,512,1000,50,1.9236e-06
10,512,1000,50,1.8835e-06
20,512,1000,50,1.8865e-06
30,512,1000,50,1.8755e-06
40,512,1000,50,1.8865e-06
50,512,1000,50,1.9096e-06
60,512,1000,50,1.8675e-06
70,512,1000,50,1.9166e-06
80,512,1000,50,1.8815e-06
90,512,1000,50,1.8845e-06
100,512,1000,50,1.8545e-06
110,512,1000,50,1.8656e-06
120,512,1000,50,1.8375e-06
130,512,1000,50,1.8715e-06
140,512,1000,50,1.8645e-06
150,512,1000,50,1.8786e-06
160,512,1000,50,1.8745e-06
170,512,1000,50,1.8665e-06
180,512,1000,50,1.8605e-06
190,512,1000,50,1.9958e-06
200,512,1000,50,1.8795e-06
210,512,1000,50,1.8465e-06
220,512,1000,50,1.8355e-06
230,512,1000,50,1.8835999999999998e-06
240,512,1000,50,1.8785e-06
250,512,1000,50,1.8595e-06
260,512,1000,50,2.3534e-06
270,512,1000,50,1.8265e-06
280,512,1000,50,1.8605e-06
290,512,1000,50,1.8325e-06
300,512,1000,50,1.8665e-06
310,512,1000,50,1.8124e-06
320,512,1000,50,1.8605999999999998e-06
330,512,1000,50,1.8705e-06
340,512,1000,50,1.8755e-06
350,512,1000,50,1.9206e-06
360,512,1000,50,1.8865e-06
370,512,1000,50,1.8525e-06
380,512,1000,50,1.8535e-06
390,512,1000,50,1.8415e-06
400,512,1000,50,1.8575e-06
410,512,1000,50,1.8775999999999998e-06
420,512,1000,50,1.8795e-06
430,512,1000,50,1.8635e-06
440,512,1000,50,1.8304e-06
450,512,1000,50,1.8545e-06
460,512,1000,50,1.8675e-06
470,512,1000,50,1.8365e-06
480,512,1000,50,1.8564000000000001e-06
490,512,1000,50,1.8995e-06
500,512,1000,50,1.9436e-06
510,512,1000,50,1.9337000000000002e-06
520,512,1000,50,1.8925999999999999e-06
530,512,1000,50,1.9196e-06
540,512,1000,50,1.8585e-06
550,512,1000,50,1.8385e-06
560,512,1000,50,1.8665e-06
570,512,1000,50,1.8355e-06
580,512,1000,50,1.8986e-06
590,512,1000,50,1.8675e-06
600,512,1000,50,1.8475e-06
610,512,1000,50,1.8625e-06
620,512,1000,50,1.8274e-06
630,512,1000,50,2.2611999999999996e-06
640,512,1000,50,1.8646e-06
650,512,1000,50,1.8535e-06
660,512,1000,50,1.8685e-06
670,512,1000,50,2.0158e-06
680,512,1000,50,1.8374000000000002e-06
690,512,1000,50,1.8575e-06
700,512,1000,50,1.8705e-06
710,512,1000,50,1.8154e-06
720,512,1000,50,1.8765e-06
730,512,1000,50,1.8825e-06
740,512,1000,50,1.8415e-06
750,512,1000,50,1.8425e-06
760,512,1000,50,1.8544000000000002e-06
770,512,1000,50,1.8695999999999999e-06
780,512,1000,50,1.8676e-06
790,512,1000,50,1.8945999999999998e-06
800,512,1000,50,1.8635e-06
810,512,1000,50,1.8415e-06
820,512,1000,50,1.8565e-06
830,512,1000,50,1.8305e-06
840,512,1000,50,1.8685e-06
850,512,1000,50,1.8615e-06
860,512,1000,50,1.8415e-06
870,512,1000,50,1.8395e-06
880,512,1000,50,1.9146e-06
890,512,1000,50,1.8595e-06
900,512,1000,50,1.8855e-06
910,512,1000,50,1.8635e-06
920,512,1000,50,1.8795e-06
930,512,1000,50,1.8635e-06
940,512,1000,50,1.8365e-06
950,512,1000,50,1.8114000000000001e-06
960,512,1000,50,1.8906e-06
970,512,1000,50,1.8625e-06
980,512,1000,50,1.9245999999999998e-06
990,512,1000,50,1.8785e-06
1000,512,1000,50,2.2863e-06
1010,512,1000,50,1.8354e-06
1020,512,1000,50,1.8785e-06
1030,512,1000,50,1.8455e-06
1040,512,1000,50,1.8254000000000001e-06
0,1024,1000,50,1.9938e-06
10,1024,1000,50,1.9887e-06
20,1024,1000,50,1.9366e-06
30,1024,1000,50,2.0538e-06
40,1024,1000,50,1.9417e-06
50,1024,1000,50,2.2072e-06
60,1024,1000,50,1.9116e-06
70,1024,1000,50,1.9305999999999998e-06
80,1024,1000,50,1.9337000000000002e-06
90,1024,1000,50,1.9106e-06
100,1024,1000,50,1.9197e-06
110,1024,1000,50,1.9295999999999997e-06
120,1024,1000,50,1.9506e-06
130,1024,1000,50,1.9206e-06
140,1024,1000,50,1.9026e-06
150,1024,1000,50,1.9637e-06
160,1024,1000,50,1.9387e-06
170,1024,1000,50,1.9366e-06
180,1024,1000,50,1.9126e-06
190,1024,1000,50,1.9085e-06
200,1024,1000,50,1.9757e-06
210,1024,1000,50,1.9295999999999997e-06
220,1024,1000,50,1.9527e-06
230,1024,1000,50,1.9297e-06
240,1024,1000,50,1.9207e-06
250,1024,1000,50,1.9847000000000002e-06
260,1024,1000,50,1.9245999999999998e-06
270,1024,1000,50,1.9537e-06
280,1024,1000,50,1.9305999999999998e-06
290,1024,1000,50,1.9436e-06
300,1024,1000,50,2.0178e-06
310,1024,1000,50,1.9477e-06
320,1024,1000,50,1.9447e-06
330,1024,1000,50,1.9156e-06
340,1024,1000,50,1.9447e-06
350,1024,1000,50,2.4396e-06
360,1024,1000,50,1.9497e-06
370,1024,1000,50,1.9427e-06
380,1024,1000,50,1.9116e-06
390,1024,1000,50,1.9577e-06
400,1024,1000,50,2.3445e-06
410,1024,1000,50,1.9277e-06
420,1024,1000,50,1.9407e-06
430,1024,1000,50,1.9737e-06
440,1024,1000,50,1.9475999999999998e-06
450,1024,1000,50,2.3043e-06
460,1024,1000,50,1.9667e-06
470,1024,1000,50,1.9406e-06
480,1024,1000,50,1.9236e-06
490,1024,1000,50,2.0519e-06
500,1024,1000,50,1.9026e-06
510,1024,1000,50,1.9176e-06
520,1024,1000,50,1.9257e-06
530,1024,1000,50,1.9047e-06
540,1024,1000,50,1.9245999999999998e-06
550,1024,1000,50,1.9497e-06
560,1024,1000,50,1.9316e-06
570,1024,1000,50,1.9415999999999998e-06
580,1024,1000,50,1.9376e-06
590,1024,1000,50,2.1491e-06
600,1024,1000,50,1.9667e-06
610,1024,1000,50,1.9256e-06
620,1024,1000,50,1.9525999999999997e-06
630,1024,1000,50,1.9166e-06
640,1024,1000,50,2.0839e-06
650,1024,1000,50,1.9196e-06
660,1024,1000,50,1.9587e-06
670,1024,1000,50,1.9387e-06
680,1024,1000,50,1.9465999999999997e-06
690,1024,1000,50,2.0389e-06
700,1024,1000,50,1.9597e-06
710,1024,1000,50,1.9537e-06
720,1024,1000,50,1.9477e-06
730,1024,1000,50,1.9245999999999998e-06
740,1024,1000,50,1.9156e-06
750,1024,1000,50,1.9396e-06
760,1024,1000,50,1.9415999999999998e-06
770,1024,1000,50,1.9227000000000002e-06
780,1024,1000,50,1.9417e-06
790,1024,1000,50,1.9818e-06
800,1024,1000,50,1.9286e-06
810,1024,1000,50,1.9697e-06
820,1024,1000,50,1.9436e-06
830,1024,1000,50,1.9787000000000002e-06
840,1024,1000,50,1.9286e-06
850,1024,1000,50,1.9245999999999998e-06
860,1024,1000,50,1.9517e-06
870,1024,1000,50,1.9327e-06
880,1024,1000,50,1.9326e-06
890,1024,1000,50,1.9417e-06
900,1024,1000,50,1.9597e-06
910,1024,1000,50,1.9467e-06
920,1024,1000,50,1.9465999999999997e-06
930,1024,1000,50,1.9366e-06
940,1024,1000,50,1.9557e-06
950,1024,1000,50,1.9287e-06
960,1024,1000,50,1.9406e-06
970,1024,1000,50,1.9005999999999999e-06
980,1024,1000,50,1.9126e-06
990,1024,1000,50,1.9266e-06
1000,1024,1000,50,1.9437e-06
1010,1024,1000,50,1.9577e-06
1020,1024,1000,50,1.9237e-06
1030,1024,1000,50,1.9747e-06
1040,1024,1000,50,1.9295999999999997e-06
0,2048,1000,50,2.0709e-06
10,2048,1000,50,2.1631e-06
20,2048,1000,50,2.0699000000000003e-06
30,2048,1000,50,2.2903000000000003e-06
40,2048,1000,50,2.0568000000000004e-06
50,2048,1000,50,2.138e-06
60,2048,1000,50,2.0147e-06
70,2048,1000,50,2.0078e-06
80,2048,1000,50,2.0358e-06
90,2048,1000,50,2.0559e-06
100,2048,1000,50,2.0579000000000002e-06
110,2048,1000,50,2.0228e-06
120,2048,1000,50,2.0088e-06
130,2048,1000,50,2.15e-06
140,2048,1000,50,2.0349e-06
150,2048,1000,50,2.0178e-06
160,2048,1000,50,2.0339e-06
170,2048,1000,50,2.0278e-06
180,2048,1000,50,2.0669e-06
190,2048,1000,50,2.4075e-06
200,2048,1000,50,2.0548000000000002e-06
210,2048,1000,50,2.0649e-06
220,2048,1000,50,2.0168e-06
230,2048,1000,50,2.144e-06
240,2048,1000,50,2.0759e-06
250,2048,1000,50,2.0308e-06
260,2048,1000,50,2.0538e-06
270,2048,1000,50,2.0207e-06
280,2048,1000,50,2.0539e-06
290,2048,1000,50,2.0227e-06
300,2048,1000,50,2.0499e-06
310,2048,1000,50,2.0339e-06
320,2048,1000,50,2.0238e-06
330,2048,1000,50,2.0268e-06
340,2048,1000,50,2.0138e-06
350,2048,1000,50,2.0028e-06
360,2048,1000,50,2.0249000000000003e-06
370,2048,1000,50,2.0749000000000002e-06
380,2048,1000,50,2.0317999999999998e-06
390,2048,1000,50,2.0108e-06
400,2048,1000,50,2.0117e-06
410,2048,1000,50,2.0518e-06
420,2048,1000,50,2.0358e-06
430,2048,1000,50,2.0899e-06
440,2048,1000,50,2.0569e-06
450,2048,1000,50,2.0548000000000002e-06
460,2048,1000,50,2.0288e-06
470,2048,1000,50,2.0688e-06
480,2048,1000,50,2.126e-06
490,2048,1000,50,2.0579000000000002e-06
500,2048,1000,50,2.0479e-06
510,2048,1000,50,2.0377999999999998e-06
520,2048,1000,50,2.0118e-06
530,2048,1000,50,2.0418e-06
540,2048,1000,50,2.0609e-06
550,2048,1000,50,2.0769e-06
560,2048,1000,50,2.0288e-06
570,2048,1000,50,2.073e-06
580,2048,1000,50,2.0348e-06
590,2048,1000,50,2.0158e-06
600,2048,1000,50,2.0749000000000002e-06
610,2048,1000,50,2.0017000000000002e-06
620,2048,1000,50,2.0317999999999998e-06
630,2048,1000,50,2.0128e-06
640,2048,1000,50,2.0699000000000003e-06
650,2048,1000,50,1.9927e-06
660,2048,1000,50,2.115e-06
670,2048,1000,50,2.0178e-06
680,2048,1000,50,2.0098e-06
690,2048,1000,50,2.0289e-06
700,2048,1000,50,2.0317999999999998e-06
710,2048,1000,50,2.1291e-06
720,2048,1000,50,2.4506e-06
730,2048,1000,50,2.0558000000000003e-06
740,2048,1000,50,2.0178e-06
750,2048,1000,50,2.0659e-06
760,2048,1000,50,2.0529000000000003e-06
770,2048,1000,50,2.0779e-06
780,2048,1000,50,2.0358e-06
790,2048,1000,50,1.9948e-06
800,2048,1000,50,1.9967e-06
810,2048,1000,50,2.0388e-06
820,2048,1000,50,1.9958e-06
830,2048,1000,50,1.9917e-06
840,2048,1000,50,2.0599e-06
850,2048,1000,50,2.0338e-06
860,2048,1000,50,2.0588e-06
870,2048,1000,50,2.0249000000000003e-06
880,2048,1000,50,2.0479e-06
890,2048,1000,50,2.0518e-06
900,2048,1000,50,2.0579000000000002e-06
910,2048,1000,50,2.0789e-06
920,2048,1000,50,2.0689000000000002e-06
930,2048,1000,50,2.0338e-06
940,2048,1000,50,2.0018e-06
950,2048,1000,50,2.0689000000000002e-06
960,2048,1000,50,2.0559e-06
970,2048,1000,50,2.0238e-06
980,2048,1000,50,2.107e-06
990,2048,1000,50,2.0659e-06
1000,2048,1000,50,2.0439e-06
1010,2048,1000,50,2.4466e-06
1020,2048,1000,50,2.0008e-06
1030,2048,1000,50,2.0398e-06
1040,2048,1000,50,2.0269e-06
0,4096,1000,50,2.3824000000000003e-06
10,4096,1000,50,2.685e-06
20,4096,1000,50,2.7271e-06
30,4096,1000,50,2.7432e-06
40,4096,1000,50,2.9145e-06
50,4096,1000,50,2.5918000000000003e-06
60,4096,1000,50,2.2593e-06
70,4096,1000,50,2.2221999999999997e-06
80,4096,1000,50,2.2211e-06
90,4096,1000,50,2.2221999999999997e-06
100,4096,1000,50,2.2181999999999998e-06
110,4096,1000,50,2.2441999999999996e-06
120,4096,1000,50,2.2032e-06
130,4096,1000,50,2.1870999999999998e-06
140,4096,1000,50,2.2152e-06
150,4096,1000,50,2.2302e-06
160,4096,1000,50,2.3364e-06
170,4096,1000,50,2.3735e-06
180,4096,1000,50,2.2533e-06
190,4096,1000,50,2.2202e-06
200,4096,1000,50,2.2783000000000003e-06
210,4096,1000,50,2.183e-06
220,4096,1000,50,2.2964e-06
230,4096,1000,50,2.2242e-06
240,4096,1000,50,2.2171999999999997e-06
250,4096,1000,50,2.2693e-06
260,4096,1000,50,2.2673000000000003e-06
270,4096,1000,50,2.2783000000000003e-06
280,4096,1000,50,2.2422e-06
290,4096,1000,50,2.2281999999999997e-06
300,4096,1000,50,2.2671999999999997e-06
310,4096,1000,50,2.2142e-06
320,4096,1000,50,2.2973e-06
330,4096,1000,50,2.2493000000000002e-06
340,4096,1000,50,2.2030999999999997e-06
350,4096,1000,50,2.2503000000000003e-06
360,4096,1000,50,2.2262e-06
370,4096,1000,50,2.2532e-06
380,4096,1000,50,2.2683000000000004e-06
390,4096,1000,50,2.3023000000000004e-06
400,4096,1000,50,2.2783000000000003e-06
410,4096,1000,50,2.2331999999999996e-06
420,4096,1000,50,2.2592e-06
430,4096,1000,50,2.2353e-06
440,4096,1000,50,2.1911e-06
450,4096,1000,50,2.2412e-06
460,4096,1000,50,2.2281999999999997e-06
470,4096,1000,50,2.3344e-06
480,4096,1000,50,2.2351e-06
490,4096,1000,50,2.2333000000000003e-06
500,4096,1000,50,2.2603e-06
510,4096,1000,50,2.2001e-06
520,4096,1000,50,2.661e-06
530,4096,1000,50,2.2082e-06
540,4096,1000,50,2.2623000000000003e-06
550,4096,1000,50,2.2291999999999998e-06
560,4096,1000,50,2.2954e-06
570,4096,1000,50,2.2322e-06
580,4096,1000,50,2.2372e-06
590,4096,1000,50,2.2582e-06
600,4096,1000,50,2.2593e-06
610,4096,1000,50,2.2132e-06
620,4096,1000,50,2.2652e-06
630,4096,1000,50,2.2383000000000002e-06
640,4096,1000,50,2.2501999999999996e-06
650,4096,1000,50,2.2071e-06
660,4096,1000,50,2.2523e-06
670,4096,1000,50,2.3093e-06
680,4096,1000,50,2.2312e-06
690,4096,1000,50,2.4075e-06
700,4096,1000,50,2.2401999999999997e-06
710,4096,1000,50,2.2422e-06
720,4096,1000,50,2.2432e-06
730,4096,1000,50,2.2202e-06
740,4096,1000,50,2.3224e-06
750,4096,1000,50,2.2663000000000002e-06
760,4096,1000,50,2.2191e-06
770,4096,1000,50,2.2231999999999997e-06
780,4096,1000,50,2.2181999999999998e-06
790,4096,1000,50,2.2461999999999998e-06
800,4096,1000,50,2.2291999999999998e-06
810,4096,1000,50,2.2262e-06
820,4096,1000,50,2.4637e-06
830,4096,1000,50,2.2422e-06
840,4096,1000,50,2.2561999999999997e-06
850,4096,1000,50,2.2131e-06
860,4096,1000,50,2.2331999999999996e-06
870,4096,1000,50,2.2312e-06
880,4096,1000,50,2.2631999999999998e-06
890,4096,1000,50,2.2032e-06
900,4096,1000,50,2.2692e-06
910,4096,1000,50,2.2571999999999998e-06
920,4096,1000,50,2.2642e-06
930,4096,1000,50,2.1901e-06
940,4096,1000,50,2.2461999999999998e-06
950,4096,1000,50,2.2262e-06
960,4096,1000,50,2.3003000000000002e-06
970,4096,1000,50,2.2322e-06
980,4096,1000,50,2.2373e-06
990,4096,1000,50,2.2482e-06
1000,4096,1000,50,2.2252e-06
1010,4096,1000,50,2.2101999999999996e-06
1020,4096,1000,50,2.2302e-06
1030,4096,1000,50,2.2503000000000003e-06
1040,4096,1000,50,2.3936e-06
0,8192,1000,50,3.5968e-06
10,8192,1000,50,3.3363e-06
20,8192,1000,50,3.3563000000000004e-06
30,8192,1000,50,3.718e-06
40,8192,1000,50,3.233e-06
50,8192,1000,50,3.4605e-06
60,8192,1000,50,2.9115e-06
70,8192,1000,50,3.0387e-06
80,8192,1000,50,3.165e-06
90,8192,1000,50,2.9656e-06
100,8192,1000,50,2.8764e-06
110,8192,1000,50,2.9576e-06
120,8192,1000,50,3.0337e-06
130,8192,1000,50,2.9866999999999997e-06
140,8192,1000,50,2.9415e-06
150,8192,1000,50,2.9706e-06
160,8192,1000,50,2.9576e-06
170,8192,1000,50,2.8965e-06
180,8192,1000,50,2.9215e-06
190,8192,1000,50,2.9516e-06
200,8192,1000,50,2.9796e-06
210,8192,1000,50,2.9485e-06
220,8192,1000,50,2.9005e-06
230,8192,1000,50,2.9385e-06
240,8192,1000,50,2.8885e-06
250,8192,1000,50,2.9085e-06
260,8192,1000,50,2.9505e-06
270,8192,1000,50,2.9355e-06
280,8192,1000,50,2.9155e-06
290,8192,1000,50,2.8915e-06
300,8192,1000,50,2.8824e-06
310,8192,1000,50,2.9455e-06
320,8192,1000,50,2.8684e-06
330,8192,1000,50,2.8924e-06
340,8192,1000,50,2.9045e-06
350,8192,1000,50,2.9376e-06
360,8192,1000,50,2.9135e-06
370,8192,1000,50,3.3964e-06
380,8192,1000,50,2.9365e-06
390,8192,1000,50,2.9435e-06
400,8192,1000,50,3.0939e-06
410,8192,1000,50,2.9255e-06
420,8192,1000,50,2.9285e-06
430,8192,1000,50,2.9656e-06
440,8192,1000,50,3.0036e-06
450,8192,1000,50,2.8975e-06
460,8192,1000,50,2.9195e-06
470,8192,1000,50,3.209e-06
480,8192,1000,50,2.8664e-06
490,8192,1000,50,2.8824e-06
500,8192,1000,50,2.9024e-06
510,8192,1000,50,2.9706e-06
520,8192,1000,50,2.9526e-06
530,8192,1000,50,2.9085e-06
540,8192,1000,50,2.9206e-06
550,8192,1000,50,2.9165e-06
560,8192,1000,50,2.9746e-06
570,8192,1000,50,2.8944e-06
580,8192,1000,50,2.9375e-06
590,8192,1000,50,2.9605e-06
600,8192,1000,50,2.9515e-06
610,8192,1000,50,2.9395e-06
620,8192,1000,50,2.8995e-06
630,8192,1000,50,3.0057e-06
640,8192,1000,50,2.9456e-06
650,8192,1000,50,2.9145e-06
660,8192,1000,50,2.9105e-06
670,8192,1000,50,2.9535e-06
680,8192,1000,50,3.4635e-06
690,8192,1000,50,2.8834e-06
700,8192,1000,50,2.9315e-06
710,8192,1000,50,2.9385e-06
720,8192,1000,50,2.9767e-06
730,8192,1000,50,2.8924e-06
740,8192,1000,50,2.8905e-06
750,8192,1000,50,3.0297e-06
760,8192,1000,50,2.9645e-06
770,8192,1000,50,2.9184000000000003e-06
780,8192,1000,50,3.0528000000000002e-06
790,8192,1000,50,2.9845999999999998e-06
800,8192,1000,50,2.9155e-06
810,8192,1000,50,2.8745e-06
820,8192,1000,50,2.9235e-06
830,8192,1000,50,2.8954000000000003e-06
840,8192,1000,50,2.8975e-06
850,8192,1000,50,2.9135e-06
860,8192,1000,50,2.8964e-06
870,8192,1000,50,2.9575e-06
880,8192,1000,50,2.9385e-06
890,8192,1000,50,2.9315e-06
900,8192,1000,50,3.0086999999999997e-06
910,8192,1000,50,2.9776e-06
920,8192,1000,50,2.9536e-06
930,8192,1000,50,2.9606e-06
940,8192,1000,50,2.9345e-06
950,8192,1000,50,2.9907e-06
960,8192,1000,50,2.9275e-06
970,8192,1000,50,2.9074e-06
980,8192,1000,50,2.9255e-06
990,8192,1000,50,2.9505999999999998e-06
1000,8192,1000,50,2.9125e-06
1010,8192,1000,50,2.8754e-06
1020,8192,1000,50,2.9256e-06
1030,8192,1000,50,2.9796999999999996e-06
1040,8192,1000,50,2.9275e-06
0,16384,1000,50,3.704e-06
10,16384,1000,50,3.5858e-06
20,16384,1000,50,4.1378000000000004e-06
30,16384,1000,50,3.8653e-06
40,16384,1000,50,3.9354000000000005e-06
50,16384,1000,50,3.9545e-06
60,16384,1000,50,3.4595e-06
70,16384,1000,50,3.4436e-06
80,16384,1000,50,3.3593e-06
90,16384,1000,50,3.3613000000000003e-06
100,16384,1000,50,3.4095e-06
110,16384,1000,50,3.4034e-06
120,16384,1000,50,3.4436e-06
130,16384,1000,50,3.3784e-06
140,16384,1000,50,3.4175e-06
150,16384,1000,50,3.4004e-06
160,16384,1000,50,3.3924e-06
170,16384,1000,50,3.3523e-06
180,16384,1000,50,3.3994e-06
190,16384,1000,50,3.4495e-06
200,16384,1000,50,3.4365e-06
210,16384,1000,50,3.4224e-06
220,16384,1000,50,3.4164e-06
230,16384,1000,50,3.3853e-06
240,16384,1000,50,3.4044e-06
250,16384,1000,50,3.4755e-06
260,16384,1000,50,3.4455e-06
270,16384,1000,50,3.4194000000000002e-06
280,16384,1000,50,3.4024000000000002e-06
290,16384,1000,50,3.3794e-06
300,16384,1000,50,3.4265e-06
310,16384,1000,50,3.3934e-06
320,16384,1000,50,3.4655e-06
330,16384,1000,50,3.3984e-06
340,16384,1000,50,3.4014e-06
350,16384,1000,50,3.4736e-06
360,16384,1000,50,3.4736e-06
370,16384,1000,50,3.4285e-06
380,16384,1000,50,3.4616e-06
390,16384,1000,50,3.3744000000000003e-06
400,16384,1000,50,3.4205e-06
410,16384,1000,50,3.3864e-06
420,16384,1000,50,3.3734e-06
430,16384,1000,50,3.3804000000000003e-06
440,16384,1000,50,3.5056e-06
450,16384,1000,50,3.3924e-06
460,16384,1000,50,3.4034e-06
470,16384,1000,50,3.4384e-06
480,16384,1000,50,3.4044e-06
490,16384,1000,50,3.4275e-06
500,16384,1000,50,3.3884e-06
510,16384,1000,50,3.4204e-06
520,16384,1000,50,3.4425e-06
530,16384,1000,50,3.4665e-06
540,16384,1000,50,3.4244e-06
550,16384,1000,50,3.4035e-06
560,16384,1000,50,3.4264e-06
570,16384,1000,50,3.4234e-06
580,16384,1000,50,3.3843000000000004e-06
590,16384,1000,50,3.4175e-06
600,16384,1000,50,3.4064e-06
610,16384,1000,50,3.3994e-06
620,16384,1000,50,3.4445e-06
630,16384,1000,50,3.4234e-06
640,16384,1000,50,3.4485e-06
650,16384,1000,50,3.4666e-06
660,16384,1000,50,3.4104e-06
670,16384,1000,50,3.3684000000000002e-06
680,16384,1000,50,3.4014e-06
690,16384,1000,50,3.4255e-06
700,16384,1000,50,3.3854000000000002e-06
710,16384,1000,50,3.4886e-06
720,16384,1000,50,3.4645e-06
730,16384,1000,50,3.4114e-06
740,16384,1000,50,3.4074e-06
750,16384,1000,50,3.3934e-06
760,16384,1000,50,3.4044e-06
770,16384,1000,50,3.6418e-06
780,16384,1000,50,3.3874e-06
790,16384,1000,50,3.4034e-06
800,16384,1000,50,3.4865e-06
810,16384,1000,50,3.4645e-06
820,16384,1000,50,3.4295e-06
830,16384,1000,50,3.5587e-06
840,16384,1000,50,3.4204e-06
850,16384,1000,50,3.4836e-06
860,16384,1000,50,3.7009e-06
870,16384,1000,50,3.3654e-06
880,16384,1000,50,3.3773000000000003e-06
890,16384,1000,50,3.5618000000000004e-06
900,16384,1000,50,3.4024000000000002e-06
910,16384,1000,50,3.4305e-06
920,16384,1000,50,3.5676999999999997e-06
930,16384,1000,50,3.3873e-06
940,16384,1000,50,3.4115e-06
950,16384,1000,50,3.6909e-06
960,16384,1000,50,3.3844e-06
970,16384,1000,50,3.4395e-06
980,16384,1000,50,3.9635e-06
990,16384,1000,50,3.4264e-06
1000,16384,1000,50,3.4105e-06
1010,16384,1000,50,3.9645e-06
1020,16384,1000,50,3.4495e-06
1030,16384,1000,50,3.4114e-06
1040,16384,1000,50,3.8913e-06
0,32768,1000,50,4.6818e-06
10,32768,1000,50,4.4894e-06
20,32768,1000,50,4.5185e-06
30,32768,1000,50,4.5746e-06
40,32768,1000,50,4.5115e-06
50,32768,1000,50,4.5215e-06
60,32768,1000,50,4.5265e-06
70,32768,1000,50,4.5385e-06
80,32768,1000,50,4.5145e-06
90,32768,1000,50,4.5095e-06
100,32768,1000,50,4.4764e-06
110,32768,1000,50,4.5165e-06
120,32768,1000,50,4.6097e-06
130,32768,1000,50,4.5215e-06
140,32768,1000,50,4.5035e-06
150,32768,1000,50,4.5496000000000005e-06
160,32768,1000,50,4.4744e-06
170,32768,1000,50,4.4313e-06
180,32768,1000,50,4.478399999999999e-06
190,32768,1000,50,4.6808e-06
200,32768,1000,50,4.534600000000001e-06
210,32768,1000,50,4.478399999999999e-06
220,32768,1000,50,4.4583999999999995e-06
230,32768,1000,50,4.456399999999999e-06
240,32768,1000,50,4.4945e-06
250,32768,1000,50,4.5837e-06
260,32768,1000,50,5.2118e-06
270,32768,1000,50,4.4925e-06
280,32768,1000,50,4.5015e-06
290,32768,1000,50,4.4874e-06
300,32768,1000,50,4.4874e-06
310,32768,1000,50,4.5225e-06
320,32768,1000,50,4.5666000000000005e-06
330,32768,1000,50,5.1136000000000005e-06
340,32768,1000,50,4.5165e-06
350,32768,1000,50,4.4654e-06
360,32768,1000,50,4.5325e-06
370,32768,1000,50,4.5245e-06
380,32768,1000,50,4.5525e-06
390,32768,1000,50,4.5556e-06
400,32768,1000,50,5.1206000000000006e-06
410,32768,1000,50,4.5316e-06
420,32768,1000,50,4.5125e-06
430,32768,1000,50,4.5476e-06
440,32768,1000,50,4.4203e-06
450,32768,1000,50,4.5455e-06
460,32768,1000,50,4.5245e-06
470,32768,1000,50,4.4824e-06
480,32768,1000,50,4.5025e-06
490,32768,1000,50,4.4424e-06
500,32768,1000,50,4.5436e-06
510,32768,1000,50,4.4583999999999995e-06
520,32768,1000,50,4.6107e-06
530,32768,1000,50,4.4985e-06
540,32768,1000,50,4.5095e-06
550,32768,1000,50,4.5055e-06
560,32768,1000,50,4.4855e-06
570,32768,1000,50,4.551600000000001e-06
580,32768,1000,50,4.4844e-06
590,32768,1000,50,4.7239e-06
600,32768,1000,50,4.5717e-06
610,32768,1000,50,4.4273e-06
620,32768,1000,50,4.5055e-06
630,32768,1000,50,4.4724e-06
640,32768,1000,50,4.5265e-06
650,32768,1000,50,4.4965e-06
660,32768,1000,50,4.9033e-06
670,32768,1000,50,4.4554e-06
680,32768,1000,50,4.5285e-06
690,32768,1000,50,4.5886e-06
700,32768,1000,50,4.4484e-06
710,32768,1000,50,4.5245e-06
720,32768,1000,50,4.5085e-06
730,32768,1000,50,4.9783e-06
740,32768,1000,50,4.5335e-06
750,32768,1000,50,4.4803999999999995e-06
760,32768,1000,50,4.488399999999999e-06
770,32768,1000,50,4.5185e-06
780,32768,1000,50,4.490399999999999e-06
790,32768,1000,50,4.5275e-06
800,32768,1000,50,4.8762e-06
810,32768,1000,50,4.4803999999999995e-06
820,32768,1000,50,4.4795e-06
830,32768,1000,50,4.4795e-06
840,32768,1000,50,4.4794e-06
850,32768,1000,50,4.5005e-06
860,32768,1000,50,4.4925e-06
870,32768,1000,50,4.5045e-06
880,32768,1000,50,4.454399999999999e-06
890,32768,1000,50,4.5275e-06
900,32768,1000,50,4.5335e-06
910,32768,1000,50,4.4875e-06
920,32768,1000,50,4.6427e-06
930,32768,1000,50,4.4894e-06
940,32768,1000,50,4.5576e-06
950,32768,1000,50,4.4373e-06
960,32768,1000,50,4.5155e-06
970,32768,1000,50,4.5546e-06
980,32768,1000,50,4.5165e-06
990,32768,1000,50,4.5285e-06
1000,32768,1000,50,4.4914e-06
1010,32768,1000,50,4.5315e-06
1020,32768,1000,50,4.5446000000000005e-06
1030,32768,1000,50,4.4353000000000005e-06
1040,32768,1000,50,4.5135e-06
0,65536,1000,50,6.5083e-06
10,65536,1000,50,6.9191e-06
20,65536,1000,50,6.395e-06
30,65536,1000,50,6.4361999999999995e-06
40,65536,1000,50,6.4011000000000004e-06
50,65536,1000,50,6.4241e-06
60,65536,1000,50,6.3851e-06
70,65536,1000,50,6.4812e-06
80,65536,1000,50,6.7367e-06
90,65536,1000,50,6.4231e-06
100,65536,1000,50,6.4061e-06
110,65536,1000,50,6.4361e-06
120,65536,1000,50,6.4381e-06
130,65536,1000,50,6.6776e-06
140,65536,1000,50,6.404e-06
150,65536,1000,50,6.391e-06
160,65536,1000,50,6.4572e-06
170,65536,1000,50,6.4041e-06
180,65536,1000,50,6.9471e-06
190,65536,1000,50,6.37e-06
200,65536,1000,50,6.4642e-06
210,65536,1000,50,6.4651999999999995e-06
220,65536,1000,50,6.3189e-06
230,65536,1000,50,6.4081000000000005e-06
240,65536,1000,50,6.338e-06
250,65536,1000,50,6.7397e-06
260,65536,1000,50,6.4421000000000005e-06
270,65536,1000,50,6.4732e-06
280,65536,1000,50,6.4732e-06
290,65536,1000,50,6.3921e-06
300,65536,1000,50,6.7247e-06
310,65536,1000,50,6.4231e-06
320,65536,1000,50,6.4061e-06
330,65536,1000,50,6.383e-06
340,65536,1000,50,6.3329e-06
350,65536,1000,50,6.415e-06
360,65536,1000,50,6.422100000000001e-06
370,65536,1000,50,6.378e-06
380,65536,1000,50,6.3089e-06
390,65536,1000,50,6.4361e-06
400,65536,1000,50,6.842899999999999e-06
410,65536,1000,50,6.3159e-06
420,65536,1000,50,6.514199999999999e-06
430,65536,1000,50,6.431e-06
440,65536,1000,50,6.396e-06
450,65536,1000,50,6.4301000000000005e-06
460,65536,1000,50,6.4962e-06
470,65536,1000,50,6.6315e-06
480,65536,1000,50,6.424e-06
490,65536,1000,50,6.4581999999999994e-06
500,65536,1000,50,6.3911000000000005e-06
510,65536,1000,50,6.444100000000001e-06
520,65536,1000,50,6.569399999999999e-06
530,65536,1000,50,6.444100000000001e-06
540,65536,1000,50,6.4912e-06
550,65536,1000,50,6.4571e-06
560,65536,1000,50,6.353899999999999e-06
570,65536,1000,50,6.6896e-06
580,65536,1000,50,6.423e-06
590,65536,1000,50,6.4291e-06
600,65536,1000,50,6.407e-06
610,65536,1000,50,6.439100000000001e-06
620,65536,1000,50,6.4632e-06
630,65536,1000,50,6.408e-06
640,65536,1000,50,6.5393e-06
650,65536,1000,50,6.415100000000001e-06
660,65536,1000,50,6.4461e-06
670,65536,1000,50,6.9631e-06
680,65536,1000,50,6.418e-06
690,65536,1000,50,6.6195e-06
700,65536,1000,50,6.3259e-06
710,65536,1000,50,6.3891e-06
720,65536,1000,50,6.4091e-06
730,65536,1000,50,6.5052e-06
740,65536,1000,50,6.6595e-06
750,65536,1000,50,6.302899999999999e-06
760,65536,1000,50,6.4211e-06
770,65536,1000,50,6.4902e-06
780,65536,1000,50,6.429e-06
790,65536,1000,50,6.7436999999999995e-06
800,65536,1000,50,6.395e-06
810,65536,1000,50,6.9081e-06
820,65536,1000,50,6.4942e-06
830,65536,1000,50,6.4311e-06
840,65536,1000,50,6.405100000000001e-06
850,65536,1000,50,6.4341e-06
860,65536,1000,50,6.6436e-06
870,65536,1000,50,6.4211e-06
880,65536,1000,50,6.4091e-06
890,65536,1000,50,6.4862e-06
900,65536,1000,50,6.4471000000000005e-06
910,65536,1000,50,6.5302e-06
920,65536,1000,50,6.4511e-06
930,65536,1000,50,6.4672e-06
940,65536,1000,50,6.8228999999999995e-06
950,65536,1000,50,6.4732e-06
960,65536,1000,50,6.6144e-06
970,65536,1000,50,6.4251000000000005e-06
980,65536,1000,50,6.3509e-06
990,65536,1000,50,6.4772e-06
1000,65536,1000,50,6.4812e-06
1010,65536,1000,50,6.7637e-06
1020,65536,1000,50,6.4481e-06
1030,65536,1000,50,6.4551e-06
1040,65536,1000,50,6.4421000000000005e-06
0,131072,1000,50,1.02392e-05
10,131072,1000,50,1.0143100000000001e-05
20,131072,1000,50,1.02343e-05
30,131072,1000,50,1.0300399999999999e-05
40,131072,1000,50,1.02814e-05
50,131072,1000,50,1.0470700000000001e-05
60,131072,1000,50,1.02283e-05
70,131072,1000,50,1.0497700000000001e-05
80,131072,1000,50,1.02502e-05
90,131072,1000,50,1.0143100000000001e-05
100,131072,1000,50,1.02362e-05
110,131072,1000,50,1.01851e-05
120,131072,1000,50,1.0249299999999999e-05
130,131072,1000,50,1.02443e-05
140,131072,1000,50,1.01141e-05
150,131072,1000,50,1.04608e-05
160,131072,1000,50,1.01891e-05
170,131072,1000,50,1.0556899999999999e-05
180,131072,1000,50,1.02402e-05
190,131072,1000,50,1.00148e-05
200,131072,1000,50,1.01711e-05
210,131072,1000,50,1.01381e-05
220,131072,1000,50,1.01621e-05
230,131072,1000,50,1.01952e-05
240,131072,1000,50,1.0177200000000001e-05
250,131072,1000,50,1.0595e-05
260,131072,1000,50,1.02173e-05
270,131072,1000,50,1.0580899999999999e-05
280,131072,1000,50,1.01751e-05
290,131072,1000,50,1.00639e-05
300,131072,1000,50,1.02082e-05
310,131072,1000,50,1.01982e-05
320,131072,1000,50,1.02252e-05
330,131072,1000,50,1.01822e-05
340,131072,1000,50,1.0216299999999999e-05
350,131072,1000,50,1.05899e-05
360,131072,1000,50,1.0115e-05
370,131072,1000,50,1.0594e-05
380,131072,1000,50,1.02152e-05
390,131072,1000,50,1.01581e-05
400,131072,1000,50,1.0116e-05
410,131072,1000,50,1.01861e-05
420,131072,1000,50,1.02092e-05
430,131072,1000,50,1.02302e-05
440,131072,1000,50,1.01501e-05
450,131072,1000,50,1.04587e-05
460,131072,1000,50,1.0066e-05
470,131072,1000,50,1.0642e-05
480,131072,1000,50,1.02443e-05
490,131072,1000,50,1.01421e-05
500,131072,1000,50,1.0173200000000001e-05
510,131072,1000,50,1.0300399999999999e-05
520,131072,1000,50,9.9748e-06
530,131072,1000,50,1.0193200000000001e-05
540,131072,1000,50,1.05057e-05
550,131072,1000,50,1.03796e-05
560,131072,1000,50,1.01761e-05
570,131072,1000,50,1.06571e-05
580,131072,1000,50,1.02473e-05
590,131072,1000,50,1.0104e-05
600,131072,1000,50,1.01691e-05
610,131072,1000,50,1.0260299999999999e-05
620,131072,1000,50,1.00981e-05
630,131072,1000,50,1.01912e-05
640,131072,1000,50,1.0260299999999999e-05
650,131072,1000,50,1.04647e-05
660,131072,1000,50,1.0283399999999999e-05
670,131072,1000,50,1.062e-05
680,131072,1000,50,1.0236299999999999e-05
690,131072,1000,50,1.01892e-05
700,131072,1000,50,1.0096e-05
710,131072,1000,50,1.02313e-05
720,131072,1000,50,1.0105100000000001e-05
730,131072,1000,50,1.02392e-05
740,131072,1000,50,1.05018e-05
750,131072,1000,50,1.02714e-05
760,131072,1000,50,1.01671e-05
770,131072,1000,50,1.0645e-05
780,131072,1000,50,1.0093e-05
790,131072,1000,50,1.01671e-05
800,131072,1000,50,1.02133e-05
810,131072,1000,50,1.01892e-05
820,131072,1000,50,1.02103e-05
830,131072,1000,50,1.01331e-05
840,131072,1000,50,1.03284e-05
850,131072,1000,50,1.02162e-05
860,131072,1000,50,1.009e-05
870,131072,1000,50,1.0648e-05
880,131072,1000,50,1.0121e-05
890,131072,1000,50,1.0072e-05
900,131072,1000,50,1.02032e-05
910,131072,1000,50,1.0201200000000002e-05
920,131072,1000,50,1.0089e-05
930,131072,1000,50,1.03364e-05
940,131072,1000,50,1.02353e-05
950,131072,1000,50,1.0156100000000001e-05
960,131072,1000,50,1.02413e-05
970,131072,1000,50,1.07583e-05
980,131072,1000,50,1.0276299999999998e-05
990,131072,1000,50,1.00379e-05
1000,131072,1000,50,1.0123e-05
1010,131072,1000,50,1.02774e-05
1020,131072,1000,50,1.0233299999999999e-05
1030,131072,1000,50,1.04506e-05
1040,131072,1000,50,1.03495e-05
0,262144,1000,50,1.81933e-05
10,262144,1000,50,1.77825e-05
20,262144,1000,50,1.7960900000000003e-05
30,262144,1000,50,1.74589e-05
40,262144,1000,50,1.76292e-05
50,262144,1000,50,1.7529e-05
60,262144,1000,50,1.7602200000000002e-05
70,262144,1000,50,1.7349599999999997e-05
80,262144,1000,50,1.76151e-05
90,262144,1000,50,1.76563e-05
100,262144,1000,50,1.7531e-05
110,262144,1000,50,1.7511e-05
120,262144,1000,50,1.7892700000000002e-05
130,262144,1000,50,1.79447e-05
140,262144,1000,50,1.76472e-05
150,262144,1000,50,1.80189e-05
160,262144,1000,50,1.7467900000000003e-05
170,262144,1000,50,1.76002e-05
180,262144,1000,50,1.77635e-05
190,262144,1000,50,1.76482e-05
200,262144,1000,50,1.76843e-05
210,262144,1000,50,1.74779e-05
220,262144,1000,50,1.76783e-05
230,262144,1000,50,1.76161e-05
240,262144,1000,50,1.78025e-05
250,262144,1000,50,1.76742e-05
260,262144,1000,50,1.8065e-05
270,262144,1000,50,1.7744400000000002e-05
280,262144,1000,50,1.81151e-05
290,262144,1000,50,1.79167e-05
300,262144,1000,50,1.78175e-05
310,262144,1000,50,1.7577099999999998e-05
320,262144,1000,50,1.76372e-05
330,262144,1000,50,1.76662e-05
340,262144,1000,50,1.7577099999999998e-05
350,262144,1000,50,1.72965e-05
360,262144,1000,50,1.7606099999999997e-05
370,262144,1000,50,1.7411799999999998e-05
380,262144,1000,50,1.7909700000000002e-05
390,262144,1000,50,1.8032e-05
400,262144,1000,50,1.75701e-05
410,262144,1000,50,1.77975e-05
420,262144,1000,50,1.76151e-05
430,262144,1000,50,1.74829e-05
440,262144,1000,50,1.75701e-05
450,262144,1000,50,1.7551e-05
460,262144,1000,50,1.75701e-05
470,262144,1000,50,1.74048e-05
480,262144,1000,50,1.76221e-05
490,262144,1000,50,1.7456900000000002e-05
500,262144,1000,50,1.76262e-05
510,262144,1000,50,1.7572e-05
520,262144,1000,50,1.85459e-05
530,262144,1000,50,1.7711299999999998e-05
540,262144,1000,50,1.7741400000000003e-05
550,262144,1000,50,1.79698e-05
560,262144,1000,50,1.7950799999999998e-05
570,262144,1000,50,1.7831599999999997e-05
580,262144,1000,50,1.77684e-05
590,262144,1000,50,1.75541e-05
600,262144,1000,50,1.76081e-05
610,262144,1000,50,1.7691299999999998e-05
620,262144,1000,50,1.7662200000000002e-05
630,262144,1000,50,1.76242e-05
640,262144,1000,50,1.77073e-05
650,262144,1000,50,1.80139e-05
660,262144,1000,50,1.77434e-05
670,262144,1000,50,1.79348e-05
680,262144,1000,50,1.8144099999999998e-05
690,262144,1000,50,1.7527e-05
700,262144,1000,50,1.78917e-05
710,262144,1000,50,1.7640099999999997e-05
720,262144,1000,50,1.7642200000000002e-05
730,262144,1000,50,1.7533e-05
740,262144,1000,50,1.7538e-05
750,262144,1000,50,1.7539e-05
760,262144,1000,50,1.76262e-05
770,262144,1000,50,1.75761e-05
780,262144,1000,50,1.806e-05
790,262144,1000,50,1.7516e-05
800,262144,1000,50,1.8102099999999997e-05
810,262144,1000,50,1.76051e-05
820,262144,1000,50,1.77224e-05
830,262144,1000,50,1.7895700000000002e-05
840,262144,1000,50,1.76983e-05
850,262144,1000,50,1.7542e-05
860,262144,1000,50,1.7688299999999998e-05
870,262144,1000,50,1.7487900000000002e-05
880,262144,1000,50,1.7554e-05
890,262144,1000,50,1.78937e-05
900,262144,1000,50,1.75331e-05
910,262144,1000,50,1.7926700000000002e-05
920,262144,1000,50,1.7642200000000002e-05
930,262144,1000,50,1.79558e-05
940,262144,1000,50,1.79969e-05
950,262144,1000,50,1.76893e-05
960,262144,1000,50,1.77033e-05
970,262144,1000,50,1.76131e-05
980,262144,1000,50,1.76021e-05
990,262144,1000,50,1.76443e-05
1000,262144,1000,50,1.76042e-05
1010,262144,1000,50,1.76492e-05
1020,262144,1000,50,1.7546e-05
1030,262144,1000,50,1.76533e-05
1040,262144,1000,50,1.79688e-05
0,524288,1000,50,3.28839e-05
10,524288,1000,50,3.23689e-05
20,524288,1000,50,3.35051e-05
30,524288,1000,50,3.26264e-05
40,524288,1000,50,3.25433e-05
50,524288,1000,50,3.2107400000000004e-05
60,524288,1000,50,3.21916e-05
70,524288,1000,50,3.22507e-05
80,524288,1000,50,3.26995e-05
90,524288,1000,50,3.22417e-05
100,524288,1000,50,3.2264799999999996e-05
110,524288,1000,50,3.26695e-05
120,524288,1000,50,3.30142e-05
130,524288,1000,50,3.2802800000000004e-05
140,524288,1000,50,3.2215700000000004e-05
150,524288,1000,50,3.2215700000000004e-05
160,524288,1000,50,3.27667e-05
170,524288,1000,50,3.2846800000000005e-05
180,524288,1000,50,3.23449e-05
190,524288,1000,50,3.1853900000000003e-05
200,524288,1000,50,3.2365e-05
210,524288,1000,50,3.28238e-05
220,524288,1000,50,3.2914e-05
230,524288,1000,50,3.2620400000000004e-05
240,524288,1000,50,3.2456099999999996e-05
250,524288,1000,50,3.24963e-05
260,524288,1000,50,3.3374800000000004e-05
270,524288,1000,50,3.24732e-05
280,524288,1000,50,3.21835e-05
290,524288,1000,50,3.23079e-05
300,524288,1000,50,3.24601e-05
310,524288,1000,50,3.31784e-05
320,524288,1000,50,3.24832e-05
330,524288,1000,50,3.23108e-05
340,524288,1000,50,3.25763e-05
350,524288,1000,50,3.24019e-05
360,524288,1000,50,3.23158e-05
370,524288,1000,50,3.24481e-05
380,524288,1000,50,3.2592299999999996e-05
390,524288,1000,50,3.3028199999999997e-05
400,524288,1000,50,3.24541e-05
410,524288,1000,50,3.184e-05
420,524288,1000,50,3.14703e-05
430,524288,1000,50,3.22797e-05
440,524288,1000,50,3.3318800000000004e-05
450,524288,1000,50,3.26415e-05
460,524288,1000,50,3.2386e-05
470,524288,1000,50,3.24181e-05
480,524288,1000,50,3.27316e-05
490,524288,1000,50,3.26094e-05
500,524288,1000,50,3.23649e-05
510,524288,1000,50,3.22878e-05
520,524288,1000,50,3.25393e-05
530,524288,1000,50,3.31754e-05
540,524288,1000,50,3.19602e-05
550,524288,1000,50,3.20965e-05
560,524288,1000,50,3.17457e-05
570,524288,1000,50,3.2929e-05
580,524288,1000,50,3.33047e-05
590,524288,1000,50,3.25633e-05
600,524288,1000,50,3.23369e-05
610,524288,1000,50,3.22838e-05
620,524288,1000,50,3.2944e-05
630,524288,1000,50,3.2815800000000005e-05
640,524288,1000,50,3.2433e-05
650,524288,1000,50,3.2361e-05
660,524288,1000,50,3.24951e-05
670,524288,1000,50,3.28238e-05
680,524288,1000,50,3.2382900000000005e-05
690,524288,1000,50,3.20463e-05
700,524288,1000,50,3.21386e-05
710,524288,1000,50,3.29361e-05
720,524288,1000,50,3.3428e-05
730,524288,1000,50,3.23338e-05
740,524288,1000,50,3.25683e-05
750,524288,1000,50,3.23028e-05
760,524288,1000,50,3.2833800000000004e-05
770,524288,1000,50,3.28328e-05
780,524288,1000,50,3.2454e-05
790,524288,1000,50,3.2401e-05
800,524288,1000,50,3.25172e-05
810,524288,1000,50,3.2623400000000003e-05
820,524288,1000,50,3.23128e-05
830,524288,1000,50,3.19492e-05
840,524288,1000,50,3.2383e-05
850,524288,1000,50,3.32416e-05
860,524288,1000,50,3.35491e-05
870,524288,1000,50,3.27787e-05
880,524288,1000,50,3.24882e-05
890,524288,1000,50,3.2426e-05
900,524288,1000,50,3.2401e-05
910,524288,1000,50,3.27176e-05
920,524288,1000,50,3.23649e-05
930,524288,1000,50,3.24771e-05
940,524288,1000,50,3.26354e-05
950,524288,1000,50,3.2941e-05
960,524288,1000,50,3.2329900000000004e-05
970,524288,1000,50,3.20252e-05
980,524288,1000,50,3.24821e-05
990,524288,1000,50,3.3459e-05
1000,524288,1000,50,3.29931e-05
1010,524288,1000,50,3.27247e-05
1020,524288,1000,50,3.2546200000000004e-05
1030,524288,1000,50,3.2403e-05
1040,524288,1000,50,3.26124e-05
0,1048576,1000,50,6.17223e-05
10,1048576,1000,50,6.25037e-05
20,1048576,1000,50,6.26279e-05
30,1048576,1000,50,6.15168e-05
40,1048576,1000,50,6.17803e-05
50,1048576,1000,50,6.1577e-05
60,1048576,1000,50,6.25387e-05
70,1048576,1000,50,6.14687e-05
80,1048576,1000,50,6.21189e-05
90,1048576,1000,50,6.15739e-05
100,1048576,1000,50,6.2677e-05
110,1048576,1000,50,6.15869e-05
120,1048576,1000,50,6.149169999999999e-05
130,1048576,1000,50,6.2147e-05
140,1048576,1000,50,6.23184e-05
150,1048576,1000,50,6.1598e-05
160,1048576,1000,50,6.14426e-05
170,1048576,1000,50,6.20649e-05
180,1048576,1000,50,6.22041e-05
190,1048576,1000,50,6.13976e-05
200,1048576,1000,50,6.12864e-05
210,1048576,1000,50,6.26229e-05
220,1048576,1000,50,6.23815e-05
230,1048576,1000,50,6.17002e-05
240,1048576,1000,50,6.11772e-05
250,1048576,1000,50,6.24957e-05
260,1048576,1000,50,6.22983e-05
270,1048576,1000,50,6.163e-05
280,1048576,1000,50,6.13905e-05
290,1048576,1000,50,6.15178e-05
300,1048576,1000,50,6.17293e-05
310,1048576,1000,50,6.17443e-05
320,1048576,1000,50,6.2163e-05
330,1048576,1000,50,6.16952e-05
340,1048576,1000,50,6.15369e-05
350,1048576,1000,50,6.1597e-05
360,1048576,1000,50,6.25277e-05
370,1048576,1000,50,6.17903e-05
380,1048576,1000,50,6.17062e-05
390,1048576,1000,50,6.1599e-05
400,1048576,1000,50,6.18033e-05
410,1048576,1000,50,6.234840000000001e-05
420,1048576,1000,50,6.15239e-05
430,1048576,1000,50,6.141769999999999e-05
440,1048576,1000,50,6.14877e-05
450,1048576,1000,50,6.18745e-05
460,1048576,1000,50,6.1595e-05
470,1048576,1000,50,6.15128e-05
480,1048576,1000,50,6.18885e-05
490,1048576,1000,50,6.16221e-05
500,1048576,1000,50,6.16149e-05
510,1048576,1000,50,6.155390000000001e-05
520,1048576,1000,50,6.14827e-05
530,1048576,1000,50,6.17182e-05
540,1048576,1000,50,6.09999e-05
550,1048576,1000,50,6.18584e-05
560,1048576,1000,50,6.18905e-05
570,1048576,1000,50,6.17492e-05
580,1048576,1000,50,6.147780000000001e-05
590,1048576,1000,50,6.14447e-05
600,1048576,1000,50,6.200880000000001e-05
610,1048576,1000,50,6.17462e-05
620,1048576,1000,50,6.15659e-05
630,1048576,1000,50,6.15549e-05
640,1048576,1000,50,6.22832e-05
650,1048576,1000,50,6.203980000000001e-05
660,1048576,1000,50,6.13726e-05
670,1048576,1000,50,6.1603e-05
680,1048576,1000,50,6.24506e-05
690,1048576,1000,50,6.15579e-05
700,1048576,1000,50,6.19466e-05
710,1048576,1000,50,6.20267e-05
720,1048576,1000,50,6.29355e-05
730,1048576,1000,50,6.15058e-05
740,1048576,1000,50,6.14026e-05
750,1048576,1000,50,6.18544e-05
760,1048576,1000,50,6.24296e-05
770,1048576,1000,50,6.18033e-05
780,1048576,1000,50,6.198569999999999e-05
790,1048576,1000,50,6.18535e-05
800,1048576,1000,50,6.218e-05
810,1048576,1000,50,6.157290000000001e-05
820,1048576,1000,50,6.1609e-05
830,1048576,1000,50,6.22702e-05
840,1048576,1000,50,6.19115e-05
850,1048576,1000,50,6.209190000000001e-05
860,1048576,1000,50,6.11923e-05
870,1048576,1000,50,6.27792e-05
880,1048576,1000,50,6.18925e-05
890,1048576,1000,50,6.207080000000001e-05
900,1048576,1000,50,6.12723e-05
910,1048576,1000,50,6.23414e-05
920,1048576,1000,50,6.19997e-05
930,1048576,1000,50,6.206380000000001e-05
940,1048576,1000,50,6.200369999999999e-05
950,1048576,1000,50,6.16621e-05
960,1048576,1000,50,6.14377e-05
970,1048576,1000,50,6.19016e-05
980,1048576,1000,50,6.0908699999999995e-05
990,1048576,1000,50,6.18304e-05
1000,1048576,1000,50,6.12313e-05
1010,1048576,1000,50,6.19696e-05
1020,1048576,1000,50,6.17162e-05
1030,1048576,1000,50,6.164609999999999e-05
1040,1048576,1000,50,6.17303e-05
0,2097152,500,50,0.00012370289999999998
10,2097152,500,50,0.0001210068
20,2097152,500,50,0.0001216019
30,2097152,500,50,0.0001204268
40,2097152,500,50,0.00012070330000000001
50,2097152,500,50,0.0001218133
60,2097152,500,50,0.00012063010000000001
70,2097152,500,50,0.0001217633
80,2097152,500,50,0.000122683
90,2097152,500,50,0.00012140060000000001
100,2097152,500,50,0.00012168010000000001
110,2097152,500,50,0.0001204388
120,2097152,500,50,0.0001213173
130,2097152,500,50,0.0001220218
140,2097152,500,50,0.0001206732
150,2097152,500,50,0.00012150980000000001
160,2097152,500,50,0.0003662025
170,2097152,500,50,0.00012104189999999999
180,2097152,500,50,0.0001222471
190,2097152,500,50,0.0001209026
200,2097152,500,50,0.0001223414
210,2097152,500,50,0.00011937969999999999
220,2097152,500,50,0.0001218013
230,2097152,500,50,0.0001224505
240,2097152,500,50,0.00012107289999999999
250,2097152,500,50,0.0001211351
260,2097152,500,50,0.000122195
270,2097152,500,50,0.0001210959
280,2097152,500,50,0.0001227191
290,2097152,500,50,0.000121147
300,2097152,500,50,0.0001212563
310,2097152,500,50,0.0001214907
320,2097152,500,50,0.0001212322
330,2097152,500,50,0.0001221389
340,2097152,500,50,0.0001215388
350,2097152,500,50,0.0001211972
360,2097152,500,50,0.0001223925
370,2097152,500,50,0.0001211992
380,2097152,500,50,0.0001215528
390,2097152,500,50,0.0001207754
400,2097152,500,50,0.0001214656
410,2097152,500,50,0.0001204918
420,2097152,500,50,0.0001210759
430,2097152,500,50,0.0001204107
440,2097152,500,50,0.0001217112
450,2097152,500,50,0.0001204918
460,2097152,500,50,0.0001222762
470,2097152,500,50,0.000121112
480,2097152,500,50,0.0001207423
490,2097152,500,50,0.00012159089999999999
500,2097152,500,50,0.00012017230000000001
510,2097152,500,50,0.0001206232
520,2097152,500,50,0.0001209778
530,2097152,500,50,0.0001204257
540,2097152,500,50,0.0001213385
0,4194304,500,50,0.0002550061
10,4194304,500,50,0.0002535223
20,4194304,500,50,0.0002537949
30,4194304,500,50,0.0002545813
40,4194304,500,50,0.0002541696
50,4194304,500,50,0.0002547176
60,4194304,500,50,0.0002534481
70,4194304,500,50,0.0002531737
80,4194304,500,50,0.00025399529999999996
90,4194304,500,50,0.0002541816
100,4194304,500,50,0.0002548147
110,4194304,500,50,0.0002545232
120,4194304,500,50,0.0002536656
130,4194304,500,50,0.0002527098
140,4194304,500,50,0.00025433979999999997
150,4194304,500,50,0.0002530864
160,4194304,500,50,0.0002525696
170,4194304,500,50,0.0002532557
180,4194304,500,50,0.00025349220000000003
190,4194304,500,50,0.0002537658
200,4194304,500,50,0.0002542687
210,4194304,500,50,0.0002534933
220,4194304,500,50,0.0002533179
230,4194304,500,50,0.000254408
240,4194304,500,50,0.000253866
250,4194304,500,50,0.0002543048
260,4194304,500,50,0.0002542777
270,4194304,500,50,0.0002527949
280,4194304,500,50,0.0002548588
290,4194304,500,50,0.0002541365
300,4194304,500,50,0.0002539601
310,4194304,500,50,0.0002529363
320,4194304,500,50,0.0002530724
330,4194304,500,50,0.00025341510000000003
340,4194304,500,50,0.0002545402
350,4194304,500,50,0.0002538449
360,4194304,500,50,0.00025404729999999997
370,4194304,500,50,0.0002542186
380,4194304,500,50,0.0002527308
390,4194304,500,50,0.0002535844
400,4194304,500,50,0.0002531917
410,4194304,500,50,0.0002525925
420,4194304,500,50,0.0002536956
430,4194304,500,50,0.0002539962
440,4194304,500,50,0.0002535514
450,4194304,500,50,0.0002533309
460,4194304,500,50,0.0002539081
470,4194304,500,50,0.0002525836
480,4194304,500,50,0.0002532759
490,4194304,500,50,0.0002556353
500,4194304,500,50,0.0002530595
510,4194304,500,50,0.000252303
520,4194304,500,50,0.0002525434
530,4194304,500,50,0.0002536436
540,4194304,500,50,0.0002552686
